,name,address,area,tag,price
0,阳光城9号院,管城,管城安徐庄南台路49号,南北,13430
1,鑫苑城三号院,管城,管城管南片长江东路,满五年,13800
2,朗悦公园道1号玺园,高新,高新区科学大道枫杨街,近地铁,14720
3,美盛·教育港湾,金水,金水绿荫广场北三环与普庆路交汇处西北角,次新房,18540
4,华林都市家园,金水,金水南阳路南阳路242号,南,12165
5,保利永威西溪花园,高新,高新区科学大道白杨路12号,热门小区,12529
6,建业香雅园,中原,中原五龙口漳河路,稀缺户型,14142
7,谦祥·时光序,惠济,惠济刘寨兴隆铺路与粮仓路交叉口东南角,随时可看,14546
8,普罗旺世波特兰,金水,金水国基路宏达街88号,南,13435
9,鑫苑城三号院,管城,管城管南片长江东路,满二年,13800
10,招商天地华府,二七,二七嵩山路嵩山南路,近地铁,11611
11,绿地澜庭(一期),经开,经开区滨河新区经开第十八大街,次新房,12722
12,美盛·教育港湾,金水,金水绿荫广场北三环与普庆路交汇处西北角,厨卫全明,18470
13,锦绣山河玉瑞园,二七,二七嵩山路庆喜路24号,大阳台,11847
14,美景美境(一期),金水,金水国基路国基路,主卧套房,17337
15,融创城开珑城1号院,惠济,"惠济北大学城新苑路,近索凌路",轨交房,13628
16,谦祥·时光序,惠济,惠济刘寨兴隆铺路与粮仓路交叉口东南角,南,14546
17,正商恒钻,金水,金水沙口路沙口路8号,近地铁,11012
18,金科城(一期北院),高新,高新区科学大道月桂路21号,价格优惠,17988
19,绿地澜庭(二期),经开,经开区滨河新区经开第十八大街,房东急售,12167
20,泉舜上城(新房),金水,金水南阳路黄河路与南阳路交汇处向东100米路北,南北,14779
21,金水世纪城,中原,中原秦岭路金水西路126号,满五年,14138
22,五龙新城香榭园,中原,中原五龙口漳河路12号,南,11745
23,绿地澜庭(二期),经开,经开区滨河新区经开第十八大街,热门小区,12167
24,橡树玫瑰城(南区),管城,管城安徐庄中州大道1188号,近地铁,12301
25,谦祥·时光序,惠济,惠济刘寨兴隆铺路与粮仓路交叉口东南角,房东急售,14451
26,龙湖景粼玖序,高新,高新区科学大道春藤路5号,厨卫全明,15921
27,绿都紫荆华庭雅园,管城,管城管南片贺江路15号,轨交房,12962
28,正商幸福港湾B区,管城,管城东明路南段城东南路35号,南北,10484
29,美盛·中环壹号,金水,金水国基路国基路与文化路交汇处向西100米（郑州海洋馆对面）,热门小区,21013
30,美景鸿城(一期鸿韵),管城,管城管南片腾飞路1号,价格优惠,12494
31,正商幸福港湾B区,管城,管城东明路南段城东南路35号,房东急售,10484
32,荣邦城,高新,高新区科学大道牡丹路38号,南,10656
33,七里香堤,管城,管城安徐庄紫东路156号,热门小区,12288
34,碧桂园云境,金水,金水国基路花园路与国基路交汇处西北角,配套成熟,17641
35,金锣湾鸿福园,管城,管城二里岗玉城街39号,房东急售,16459
36,锦艺金水湾观臻苑,金水,金水索凌路文化北路,南,15910
37,招商天地华府,二七,二七嵩山路嵩山南路,热门小区,11853
38,招商·时代天宸,惠济,惠济省体育中心三全路与江山路交叉口向东200米,价格优惠,16948
39,富田城九鼎公馆二号院,管城,"管城管城周边南三环,近郑尉路",房东急售,14161
40,阳光嘉苑,金水,金水国基路国基路99号,南,13158
41,融创城开珑府2号院,惠济,"惠济北大学城金河路,近滨河路",满二年,14495
42,宏益华·央座,金水,金水大石桥南阳路东，优胜北路路南13号楼,车位充足,14936
43,正商花都港湾,管城,管城紫荆山路紫荆山南路388号,南北通透,10115
44,盛澳金尊府,管城,"管城管南片腾飞路,近尚庄路",厨卫全明,15392
45,招商天地华府,二七,二七嵩山路嵩山南路,动静分离,12248
46,大正水晶森林1期,中原,中原中原周边须水河东路31号,轨交房,12178
47,佳田未来新城(新房),管城,管城世纪欢乐园未来路与石化路交叉口向西300米路南,南北通透,16528
48,九锦台B区,金水,金水国基路中方园路,价格优惠,12587
49,财信圣堤亚纳,郑东,郑东新区黄河东路商都路21号,随时可看,16814
50,瀚宇新城,金水,金水索凌路龙门路,南,10744
51,腾威城(新房),管城,管城郑汴路郑汴路与英协路交叉口向南300米路东,近地铁,15371
52,正商华钻澜庭2号院,管城,管城安徐庄紫辰路,价格优惠,14133
53,美景美境(一期),金水,金水国基路国基路,房东急售,18235
54,升龙天汇广场9号院,中原,中原五龙口嵩山北路126号,南,10518
55,绿都澜湾桂园,管城,管城管城周边青翠南路39号,满五年,13980
56,大正·水晶森林,中原,中原中原周边科学大道和须水河东路交叉口向南500米,次新房,12627
57,绿都澜湾椿园,管城,管城管南片霞飞路,厨卫全明,15210
58,保利心语,中原,中原中原西路中原中路156号,轨交房,12299
59,康桥悦蓉园,经开,"经开区滨河新区华夏大道,近经南十二路",南北,14045
60,大正·水晶森林,中原,中原中原周边科学大道和须水河东路交叉口向南500米,满五年,13062
61,正商金域世家,中原,中原桐柏路金水西路106号,近地铁,12697
62,升龙天汇7号院,中原,中原嵩山北路农业西路001号,南,11600
63,华林都市家园,金水,金水南阳路南阳路242号,热门小区,9860
64,谦祥·雲栖,高新,高新区科学大道郁香路与欢河路交会处向西50米,南北通透,15464
65,五龙新城香榭园,中原,中原五龙口漳河路12号,配套成熟,12091
66,万华城华府,高新,高新区科学大道郁香路37号,南,13979
67,万科城紫兰苑,高新,高新区科学大道须水河东路133号,满二年,11727
68,升龙城六号院,二七,"二七嵩山路政通路,近嵩山南路",次新房,13551
69,谦祥·雲栖,高新,高新区科学大道郁香路与欢河路交会处向西50米,小户型,15741
70,长江一号(二期),二七,二七京广路京广快速路,多轨交,13588
71,正弘蓝堡湾世熙(北区),金水,金水文博广场东风路14附2号,南,21745
72,招商天地华府,二七,二七嵩山路嵩山南路,热门小区,12414
73,保利上城,二七,二七嵩山路南三环与郑密路向南2000米,近地铁,10078
74,长江一号(二期),二七,二七京广路京广快速路,公摊小,12909
75,建业花园里桃李苑,惠济,惠济英才街香山路16号,南,13981
76,泰宏建业国际城9号院,二七,二七大学南路荆胡街9号,房东诚售,13255
77,升龙天玺二号院,二七,二七万达广场大学路,满五年,12793
78,谦祥·雲栖,高新,高新区科学大道郁香路与欢河路交会处向西50米,次新房,16102
79,阳光城9号院,管城,管城安徐庄南台路49号,南,14943
80,万科美景龙堂,管城,"管城管南片中州大道,近岔河路",近地铁,17393
81,招商天地华府,二七,二七嵩山路嵩山南路,配套成熟,12248
82,保利上城,二七,二七嵩山路南三环与郑密路向南2000米,公摊小,11459
83,天地湾佳苑,惠济,惠济北大学城英才街6号,南北,12689
84,万科民安云城,惠济,"惠济大河路金河路,近东胜路",满五年,13384
85,正商新蓝钻A区,管城,管城航海东路航海东路70号,近地铁,13504
86,龙湖熙上,管城,管城安徐庄金岱路鼎瑞街交叉口地铁4号线姚庄站向西400米,轨交房,12428
87,招商天地华府,二七,二七嵩山路嵩山南路,南,11997
88,绿都紫荆华庭雅园,管城,管城管南片贺江路15号,满二年,14386
89,东原阅城一期,高新,高新区科学大道秋棠路7号,次新房,12585
90,美盛·教育港湾,金水,金水绿荫广场北三环与普庆路交汇处西北角,南,18540
91,万科城紫兰苑,高新,高新区科学大道须水河东路133号,满五年,11727
92,大正水晶森林1期,中原,中原中原周边须水河东路31号,近地铁,12320
93,大正水晶森林1期,中原,中原中原周边须水河东路31号,南,12360
94,谦祥·时光序,惠济,惠济刘寨兴隆铺路与粮仓路交叉口东南角,有电梯,14546
95,美景美境(一期),金水,金水国基路国基路,车位充足,17175
96,阳光城9号院,管城,管城安徐庄南台路49号,厨卫全明,13430
97,美景美境(一期),金水,金水国基路国基路,大阳台,18235
98,金沙湖高尔夫观邸(北区),经开,经开区第三大街经南八路,主卧套房,12922
99,美盛·教育港湾,金水,金水绿荫广场北三环与普庆路交汇处西北角,轨交房,18470
100,金沙湖高尔夫观邸(北区),经开,经开区第三大街经南八路,南,13048
101,橡树玫瑰城(北区),管城,管城安徐庄紫东路,热门小区,11798
102,建业花园里桃李苑,惠济,惠济英才街香山路16号,配套成熟,13981
103,谦祥·时光序,惠济,惠济刘寨兴隆铺路与粮仓路交叉口东南角,房东急售,14546
104,利海绿洲花园,惠济,"惠济刘寨电厂路,近北三环",南,10735
105,保利百合,中原,中原郑上路小学煤机路18号,唯一住房,13136
106,财信圣堤亚纳,郑东,郑东新区黄河东路商都路21号,次新房,18667
107,泉舜上城(新房),金水,金水南阳路黄河路与南阳路交汇处向东100米路北,南,14779
108,朗悦公园道1号玺园,高新,高新区科学大道枫杨街,有电梯,15956
109,绿地澜庭(一期),经开,经开区滨河新区经开第十八大街,次新房,14737
110,华林都市家园,金水,金水南阳路南阳路242号,厨卫全明,12165
111,碧桂园天悦,经开,经开区远大理想城经开第一大街,轨交房,15790
112,谦祥·时光序,惠济,惠济刘寨兴隆铺路与粮仓路交叉口东南角,南,14451
113,万科天伦紫台紫馨苑,惠济,惠济开元路文化路,满二年,13147
114,中海锦苑,金水,金水中医院博颂路7号,近地铁,19919
115,阳光城9号院,管城,管城安徐庄南台路49号,车位充足,15301
116,美盛·中环壹号,金水,金水国基路国基路与文化路交汇处向西100米（郑州海洋馆对面）,南北,21013
117,天地湾晴苑,惠济,惠济英才街英才街4号,热门小区,12990
118,建业香雅园,中原,中原五龙口漳河路,配套成熟,14142
119,绿都紫荆华庭润园,管城,管城安徐庄青翠路,房东急售,15096
120,物华华庭,金水,金水南阳路农业路,南,14532
121,碧桂园云境,金水,金水国基路花园路与国基路交汇处西北角,满二年,17641
122,银基王朝(三期),金水,金水曼哈顿福元路,近地铁,16087
123,康桥金域上郡1号院,二七,二七大学路汝河路29号,车位充足,15477
124,升龙天汇3号院,中原,中原五龙口桐柏北路,热门小区,10787
125,招商·时代天宸,惠济,惠济省体育中心三全路与江山路交叉口向东200米,南北通透,16948
126,升龙天汇广场9号院,中原,中原五龙口嵩山北路126号,南北通透,11984
127,远大理想城,经开,经开区远大理想城经北二路66号,厨卫全明,12353
128,华瑞紫金嘉苑,金水,"金水三全路丰庆路,近金冠路",动静分离,15782
129,宏益华·央座,金水,金水大石桥南阳路东，优胜北路路南13号楼,轨交房,14936
130,升龙天汇广场9号院,中原,中原五龙口嵩山北路126号,南,11461
131,鑫苑城三号院,管城,管城管南片长江东路,满五年,14159
132,招商天地华府,二七,二七嵩山路嵩山南路,车位充足,11611
133,橡树玫瑰城(南区),管城,管城安徐庄中州大道1188号,南北,11936
134,腾威城(新房),管城,管城郑汴路郑汴路与英协路交叉口向南300米路东,满五年,15371
135,普罗旺世佛罗伦斯(西区),金水,金水索凌路国基路166号,近地铁,14506
136,亚星盛世星苑,二七,二七长江路嵩山南路262号,南,11391
137,开祥御龙城,金水,金水东风路天明路82号,热门小区,11360
138,佳田未来新城(新房),管城,管城世纪欢乐园未来路与石化路交叉口向西300米路南,近地铁,16528
139,阳光城2号院,管城,管城安徐庄尚德路9号,新上小区,8000
140,绿地澜庭(一期),经开,经开区滨河新区经开第十八大街,厨卫全明,12722
141,升龙天汇广场9号院,中原,中原五龙口嵩山北路126号,轨交房,12009
142,大正水晶森林1期,中原,中原中原周边须水河东路31号,南北,11592
143,大正·水晶森林,中原,中原中原周边科学大道和须水河东路交叉口向南500米,热门小区,12627
144,富田城九鼎公馆二号院,管城,"管城管城周边南三环,近郑尉路",配套成熟,12485
145,亚星盛世雅居,二七,二七长江路长江中路127号,公摊小,13408
146,奥园国际公寓,郑东,郑东新区CBD商务内环路14号,南,19579
147,大正·水晶森林,中原,中原中原周边科学大道和须水河东路交叉口向南500米,稀缺户型,13062
148,朗悦公园道1号玺园,高新,高新区科学大道枫杨街,满五,17036
149,银基王朝(三期),金水,金水曼哈顿福元路,价格优惠,16704
150,朗悦公园道1号玺园,高新,高新区科学大道枫杨街,南北,16293
151,谦祥·雲栖,高新,高新区科学大道郁香路与欢河路交会处向西50米,满五年,15464
152,万科城紫兰苑,高新,高新区科学大道须水河东路133号,近地铁,12360
153,康桥溪棠,新郑,新郑龙湖双湖大道祥安路,小户型,9295
154,美景美境(一期),金水,金水国基路国基路,多轨交,17337
155,汉飞城市公园(西区),金水,金水花园路郑花路90号,南北,11886
156,谦祥·雲栖,高新,高新区科学大道郁香路与欢河路交会处向西50米,满二年,15741
157,凤凰苑,管城,管城管南片未来路815号,近地铁,11090
158,森林阳光花园,金水,金水国基路中州大道634号,次新房,14058
159,永威东棠,郑东,郑东新区黄河南路万安街6号,南,24178
160,龙湖熙上,管城,管城安徐庄金岱路鼎瑞街交叉口地铁4号线姚庄站向西400米,热门小区,12428
161,恒升府第,金水,金水经三路晨旭路10号,价格优惠,11414
162,金科城(一期北院),高新,高新区科学大道月桂路21号,房东急售,17988
163,万科天伦紫台紫澜苑,惠济,"惠济北大学城大河路,近文化北路",南,13095
164,上东城,郑东,郑东新区郑东新区周边象湖南路62号,近地铁,8718
165,谦祥·雲栖,高新,高新区科学大道郁香路与欢河路交会处向西50米,价格优惠,16102
166,宇泰文博公寓,金水,金水花园路文博东路4号,房东急售,21310
167,正商中州城百合园,管城,管城安徐庄青山路,南,10682
168,鑫苑城三号院,管城,管城管南片长江东路,热门小区,13898
169,龙湖熙上,管城,管城安徐庄金岱路鼎瑞街交叉口地铁4号线姚庄站向西400米,配套成熟,12479
170,升龙天汇3号院,中原,中原五龙口桐柏北路,随时可看,11753
171,招商天地华府,二七,二七嵩山路嵩山南路,轨交房,12438
172,橡树玫瑰城(北区),管城,管城安徐庄紫东路,南,10645
173,华润郑州润园,中原,中原桐柏路金水西路秦岭路交会处,满二年,14524
174,锦艺金水湾观源苑,金水,金水三全路贾鲁河北路36号,南北,14299
175,绿都紫荆华庭朗园,管城,管城管南片贺江路56号,满二年,14712
176,保利文化广场一期,高新,高新区科学大道国槐街21号,车位充足,17003
177,美盛·教育港湾,金水,金水绿荫广场北三环与普庆路交汇处西北角,南,18540
178,正弘春晓,金水,金水绿荫广场索凌路8号,热门小区,9354
179,绿都澜湾榕园,管城,管城管南片青翠南路42号,南北通透,14477
180,绿都澜湾榕园,管城,管城管南片青翠南路42号,房东急售,13923
181,谦祥·时光序,惠济,惠济刘寨兴隆铺路与粮仓路交叉口东南角,南北,14546
182,升龙又一城(2期),高新,高新区科学大道科学大道89号,满二年,9451
183,阳光城9号院,管城,管城安徐庄南台路49号,次新房,13430
184,美景美境(一期),金水,金水国基路国基路,厨卫全明,16797
185,天誉华庭,中原,中原五龙口冉屯东路,大阳台,15910
186,美盛·教育港湾,金水,金水绿荫广场北三环与普庆路交汇处西北角,主卧套房,18470
187,万科城紫兰苑,高新,高新区科学大道须水河东路133号,轨交房,12360
188,锦艺金水湾观臻苑,金水,金水索凌路文化北路,南北,15898
189,七里香堤,管城,管城安徐庄紫东路156号,满五年,13219
190,谦祥·时光序,惠济,惠济刘寨兴隆铺路与粮仓路交叉口东南角,近地铁,14546
191,威尼斯水城(三期西区),中原,中原五龙口桐柏北路100号,多人关注,10715
192,瀚宇天悦(二期),金水,金水索凌路丰庆路118号,南,14872
193,建业香雅园,中原,中原五龙口漳河路,满二年,13229
194,泉舜上城(新房),金水,金水南阳路黄河路与南阳路交汇处向东100米路北,近地铁,14779
195,锦艺金水湾观澜苑,金水,金水文化路贾鲁河南路69号,次新房,14074
196,中岳俪景湾,管城,管城管城周边文德路28号,南,12922
197,华林都市家园,金水,金水南阳路南阳路242号,满二年,12165
198,富田太阳城(二期),管城,管城富田太阳城明月路52号,近地铁,11482
199,谦祥·时光序,惠济,惠济刘寨兴隆铺路与粮仓路交叉口东南角,次新房,14451
200,长江一号(二期),二七,二七京广路京广快速路,厨卫全明,12806
201,正弘澜庭叙E区,惠济,惠济英才街花园北路,轨交房,16639
202,阳光馥园,高新,高新区科学大道桂花西街3号,南,11474
203,美盛·中环壹号,金水,金水国基路国基路与文化路交汇处向西100米（郑州海洋馆对面）,满五年,21013
204,淮南街6号院,二七,二七嵩山路淮南街6号,近地铁,10452
205,建业香雅园,中原,中原五龙口漳河路,车位充足,14142
206,正弘蓝堡湾世熙(南区),金水,金水文博广场科源路,南北,24463
207,中海湖滨世家一期,惠济,"惠济大河路文化北路,近大河路",热门小区,15530
208,碧桂园云境,金水,金水国基路花园路与国基路交汇处西北角,配套成熟,17641
209,明天世纪,金水,"金水农业路信息学院路,近双辅路",房东急售,14262
210,绿都紫荆华庭和园,管城,管城安徐庄贺江路36号,东,13933
211,锦艺金水湾观臻苑,金水,金水索凌路文化北路,热门小区,15173
212,招商·时代天宸,惠济,惠济省体育中心三全路与江山路交叉口向东200米,近地铁,16948
213,远大理想城,经开,经开区远大理想城经北二路66号,新上小区,13917
214,升龙又一城(2期),高新,高新区科学大道科学大道89号,南北,11429
215,碧桂园西湖二号院,高新,高新区瑞达路南一街,满二年,13154
216,宏益华·央座,金水,金水大石桥南阳路东，优胜北路路南13号楼,车位充足,14936
217,远大理想城,经开,经开区远大理想城经北二路66号,南北通透,13164
218,正商城裕园1号院,二七,二七华中片冯庄中路11号,厨卫全明,12516
219,招商天地华府,二七,二七嵩山路嵩山南路,动静分离,11611
220,正弘青云筑,高新,高新区瑞达路科学大道67号,轨交房,16334
221,佳田未来新城(新房),管城,管城世纪欢乐园未来路与石化路交叉口向西300米路南,南北,16528
222,华林都市家园,金水,金水南阳路南阳路242号,南,11963
223,普罗旺世塞纳维斯,金水,"金水索凌路国基路,近索凌路",满二年,18315
224,正商蓝钻小区,管城,管城航海东路港湾路2号,车位充足,10358
225,腾威城(新房),管城,管城郑汴路郑汴路与英协路交叉口向南300米路东,南北,15371
226,绿都澜湾桂园,管城,管城管城周边青翠南路39号,满二年,13389
227,绿地澜庭(一期),经开,经开区滨河新区经开第十八大街,近地铁,12722
228,万科大都会铂悦苑,二七,二七华中片梅峰路45号,厨卫全明,10389
229,保利海上五月花百合园,惠济,惠济北大学城桂香路14号,轨交房,15517
230,大正·水晶森林,中原,中原中原周边科学大道和须水河东路交叉口向南500米,南北,12627
231,天伦庄园,惠济,惠济北大学城开元路109号,满五年,12474
232,圣菲城(北区),金水,金水花园路渠东路,南,23933
233,正商恒钻,金水,金水沙口路沙口路8号,满二年,10932
234,大正·水晶森林,中原,中原中原周边科学大道和须水河东路交叉口向南500米,车位充足,13062
235,万华城郁香苑,高新,高新区科学大道郁香路69号,南,12254
236,正弘澜庭叙A区,惠济,惠济英才街豫泰路9号,满二年,17213
237,中岳俪景湾,管城,管城管城周边文德路28号,次新房,12422
238,谦祥·雲栖,高新,高新区科学大道郁香路与欢河路交会处向西50米,多人关注,15464
239,万科天伦紫台紫澜苑,惠济,"惠济北大学城大河路,近文化北路",小户型,12942
240,伊顿上郡,经开,"经开区第三大街经开第三大街,近经南五路",多轨交,13983
241,美景美境(一期),金水,金水国基路国基路,南,17337
242,融创城开珑府2号院,惠济,"惠济北大学城金河路,近滨河路",满二年,14370
243,谦祥·雲栖,高新,高新区科学大道郁香路与欢河路交会处向西50米,车位充足,15741
244,康桥悦城2号院,经开,经开区滨河新区经开第十七大街,南北,13979
245,海馨苑,经开,经开区第八大街经北四路45号,满二年,10584
246,锦艺金水湾观臻苑,金水,金水索凌路文化北路,近地铁,17305
247,保利上城,二七,二七嵩山路南三环与郑密路向南2000米,次新房,10078
248,万科城湖心岛,中原,"中原中原周边科学大道,近红松路",南,13337
249,金科城(一期北院),高新,高新区科学大道月桂路21号,近地铁,17988
250,正商城裕园1号院,二七,二七华中片冯庄中路11号,价格优惠,13764
251,绿地澜庭(一期),经开,经开区滨河新区经开第十八大街,房东急售,12229
252,谦祥·雲栖,高新,高新区科学大道郁香路与欢河路交会处向西50米,南,16102
253,绿都澜湾枫园,管城,管城管南片紫荆山南路,满五年,15193
254,天地湾晴苑,惠济,惠济英才街英才街4号,近地铁,14212
255,龙湖锦艺城,新郑,新郑龙湖华南城双湖东道2号,多人关注,7773
256,保利上城,二七,二七嵩山路南三环与郑密路向南2000米,轨交房,11459
257,富田丽景花园,金水,金水南阳路南阳路226号,南北,10506
258,康桥美棠,二七,二七连云路南屏路,满五年,13708
259,永威西郡金桂苑,中原,中原中原西路玉轩路45号,近地铁,12236
260,龙湖熙上,管城,管城安徐庄金岱路鼎瑞街交叉口地铁4号线姚庄站向西400米,车位充足,12428
261,正商中州城玉兰园,管城,管城管城周边青山路,南北,18662
262,正商家河家华庭二号院,惠济,"惠济江山路新城路,近娱乐路",满二年,12802
263,银基王朝(四期),金水,金水曼哈顿福元路157号,近地铁,17106
264,美盛·教育港湾,金水,金水绿荫广场北三环与普庆路交汇处西北角,车位充足,18540
265,碧源月湖和园,惠济,惠济大河路开元路,南,12640
266,雅居乐国际花园(西苑),郑东,郑东新区郑东新区周边象湖南路71号,满二年,13926
267,万科民安云城,惠济,"惠济大河路金河路,近东胜路",次新房,12609
268,谦祥·时光序,惠济,惠济刘寨兴隆铺路与粮仓路交叉口东南角,南北,14546
269,锦艺金水湾观臻苑,金水,金水索凌路文化北路,满五年,17610
270,阳光城9号院,管城,管城安徐庄南台路49号,近地铁,13430
271,中海意园,管城,"管城管城周边华夏大道,近经南八路",绿化率高,16517
272,万科城湖心岛,中原,"中原中原周边科学大道,近红松路",厨卫全明,12106
273,美盛·教育港湾,金水,金水绿荫广场北三环与普庆路交汇处西北角,大阳台,18470
274,锦艺金水湾观臻苑,金水,金水索凌路文化北路,主卧套房,18990
275,绿地澜庭(一期),经开,经开区滨河新区经开第十八大街,轨交房,14950
276,远大理想城,经开,经开区远大理想城经北二路66号,南,12135
277,谦祥·时光序,惠济,惠济刘寨兴隆铺路与粮仓路交叉口东南角,满二年,14546
278,正商蓝海港湾百合湾,管城,管城二里岗金城街27号,次新房,14303
279,绿地澜庭(一期),经开,经开区滨河新区经开第十八大街,南北,13253
280,五建新街坊3号院,中原,中原郑上路小学建设西路,热门小区,12946
281,泉舜上城(新房),金水,金水南阳路黄河路与南阳路交汇处向东100米路北,配套成熟,14779
282,宏光合园,经开,经开区第八大街第七大街99号,房东急售,11684
283,正商华钻澜庭2号院,管城,管城安徐庄紫辰路,南,13353
284,华林都市家园,金水,金水南阳路南阳路242号,热门小区,12165
285,富田九鼎世家,经开,经开区第三大街经开第五大街88号,配套成熟,18401
286,谦祥·时光序,惠济,惠济刘寨兴隆铺路与粮仓路交叉口东南角,价格优惠,14451
287,正商东方港湾,郑东,郑东新区新东站片康平路9号,厨卫全明,17444
288,正弘山,郑东,郑东新区通泰路通泰路66号,轨交房,14713
289,正弘春晓,金水,金水绿荫广场索凌路8号,南,10207
290,美盛·中环壹号,金水,金水国基路国基路与文化路交汇处向西100米（郑州海洋馆对面）,满二年,21013
291,金沙湖高尔夫观邸(北区),经开,经开区第三大街经南八路,车位充足,11911
292,建业香雅园,中原,中原五龙口漳河路,南北,14142
293,恒大绿洲(一期),经开,经开区第八大街经开第八大街76号,热门小区,16853
294,正商蔚蓝港湾,二七,二七嵩山路工人路413号,配套成熟,9880
295,碧桂园云境,金水,金水国基路花园路与国基路交汇处西北角,房东急售,17641
296,梧桐新语,中原,中原五龙口冉屯路,南,11687
297,昌建君悦府,二七,"二七华中片南四环,近嵩山路",热门小区,9628
298,华瑞紫金嘉苑,金水,"金水三全路丰庆路,近金冠路",房东急售,13258
299,招商·时代天宸,惠济,惠济省体育中心三全路与江山路交叉口向东200米,随时可看,16948
300,裕华会园,惠济,"惠济省体育中心江山路,近纪元路",南,10480
301,华瑞紫金嘉苑,金水,"金水三全路丰庆路,近金冠路",唯一住房,15919
302,文雅新世界(一期),金水,金水绿荫广场博颂路,车位充足,15117
303,宏益华·央座,金水,金水大石桥南阳路东，优胜北路路南13号楼,多人关注,14936
304,丰庆华府,金水,金水中医院丰庆路13号,南北通透,14016
305,橡树玫瑰城(南区),管城,管城安徐庄中州大道1188号,厨卫全明,10581
306,招商天地华府,二七,二七嵩山路嵩山南路,动静分离,11611
307,文化绿城,金水,金水中医院丰庆路4号,轨交房,11539
308,佳田未来新城(新房),管城,管城世纪欢乐园未来路与石化路交叉口向西300米路南,南,16528
309,思达大河春天B区,金水,金水索凌路索凌路8号,满二年,10385
310,鑫苑逸品香山(2期南苑),惠济,"惠济北大学城香山路,近金达路",车位充足,12311
311,龙湖景粼玖序,高新,高新区科学大道春藤路5号,南北通透,17959
312,腾威城(新房),管城,管城郑汴路郑汴路与英协路交叉口向南300米路东,配套成熟,15371
313,正商明钻一期,中原,中原五龙口电厂路19号,稀缺户型,11394
314,绿地澜庭(一期),经开,经开区滨河新区经开第十八大街,南,12722
315,电建泷悦华庭(1期),管城,"管城管城周边经南十五路,近第十七大街",热门小区,15138
316,升龙凤凰城(A区),金水,金水玉凤路郑汴路127号,近地铁,11537
317,大正·水晶森林,中原,中原中原周边科学大道和须水河东路交叉口向南500米,满五,12627
318,普罗旺世佛罗伦斯(东区),金水,金水国基路国基路166号,厨卫全明,21099
319,中方园西区,金水,金水丰庆路北环路116号,轨交房,8666
320,开祥御龙城,金水,金水东风路天明路82号,南,12743
321,大正·水晶森林,中原,中原中原周边科学大道和须水河东路交叉口向南500米,热门小区,13062
322,金色港湾,管城,管城管南片港湾路1号,房东急售,9504
323,鑫苑城二号院,管城,管城管南片爱心路,随时可看,14176
324,亚星盛世郦都,二七,二七嵩山路郑密路126号,南,11250
325,谦祥·雲栖,高新,高新区科学大道郁香路与欢河路交会处向西50米,满二年,15464
326,聚龙城,郑东,郑东新区金水东路祥盛街10号,车位充足,18989
327,金水世纪城,中原,中原秦岭路金水西路126号,南北,12730
328,美景美境(一期),金水,金水国基路国基路,近地铁,17337
329,二七万达3号院,二七,二七万达广场人和路69附9号,新上小区,12493
330,谦祥·雲栖,高新,高新区科学大道郁香路与欢河路交会处向西50米,价格优惠,15741
331,怡丰新都汇(1期),金水,金水农业路生产路21号,小户型,11928
332,富田丽景花园,金水,金水南阳路南阳路226号,多轨交,11327
333,豫军长基花园,金水,金水博颂路博颂路38号,南,11799
334,保利上城,二七,二七嵩山路南三环与郑密路向南2000米,满二年,10078
335,恒大名都,金水,金水科技市场文化路66号,近地铁,18145
336,金科城(一期北院),高新,高新区科学大道月桂路21号,南,17988
337,杲村滨河家园(东院),金水,金水索凌路贾鲁河南路39号,满五年,12000
338,未来华庭,郑东,郑东新区新东站片文苑南路,南,20141
339,谦祥·雲栖,高新,高新区科学大道郁香路与欢河路交会处向西50米,近地铁,16102
340,龙湖天宸原著,新郑,"新郑龙湖双湖大道郑新快速路,近祥和路",价格优惠,8215
341,正商中州城百合园,管城,管城安徐庄青山路,房东急售,10825
342,21世纪社区达观369,金水,金水国基路国基路,热门小区,10915
343,保利上城,二七,二七嵩山路南三环与郑密路向南2000米,南北通透,11459
344,康桥原溪里1号院,新郑,新郑龙湖华南城祥安路,轨交房,8537
345,正弘数码公寓,金水,金水文博广场文博西路25号,南北,17769
346,七里香堤,管城,管城安徐庄紫东路156号,满五年,12993
347,龙湖熙上,管城,管城安徐庄金岱路鼎瑞街交叉口地铁4号线姚庄站向西400米,近地铁,12428
0,省会教师生活园区,金水,金水中医院丰庆路2号,南北,9926
1,汉飞金沙国际,金水,金水沙口路沙口路1号,满五年,12413
2,文雅新世界(二期),金水,金水绿荫广场博颂路34号,近地铁,11852
3,美盛·教育港湾,金水,金水绿荫广场北三环与普庆路交汇处西北角,南北,18540
4,怡丰森林湖(一期),惠济,"惠济北大学城天河路,近黄古线",满二年,12438
5,华润悦府,二七,二七铭功路铭功路11号,近地铁,19968
6,亚星盛世星苑,二七,二七长江路嵩山南路262号,南,12432
7,谦祥·时光序,惠济,惠济刘寨兴隆铺路与粮仓路交叉口东南角,满五年,14546
8,正商花都港湾,管城,管城紫荆山路紫荆山南路388号,近地铁,10607
9,阳光城9号院,管城,管城安徐庄南台路49号,厨卫全明,13430
10,正商华钻澜庭1号院,管城,管城安徐庄紫辰路75号,大阳台,12822
11,天地湾晴苑,惠济,惠济英才街英才街4号,主卧套房,13648
12,美盛·教育港湾,金水,金水绿荫广场北三环与普庆路交汇处西北角,轨交房,18470
13,大正水晶森林1期,中原,中原中原周边须水河东路31号,南北,11704
14,豫军长基花园,金水,金水博颂路博颂路38号,满五年,12136
15,东明路北205号院,金水,金水花园路东明路北205号,南,10053
16,谦祥·时光序,惠济,惠济刘寨兴隆铺路与粮仓路交叉口东南角,满二年,14546
17,长江一号(二期),二七,二七京广路京广快速路,近地铁,11061
18,正商城裕园6号院,二七,二七南三环三峡路,绿化率高,12881
19,丰庆华府,金水,金水中医院丰庆路13号,南,14227
20,泉舜上城(新房),金水,金水南阳路黄河路与南阳路交汇处向东100米路北,满五,14779
21,融创城开珑府2号院,惠济,"惠济北大学城金河路,近滨河路",价格优惠,18898
22,永威书香庭,管城,管城管南片市场街89号,房东急售,14000
23,华林都市家园,金水,金水南阳路南阳路242号,厨卫全明,12165
24,万达广场小区,中原,中原秦岭路华山路72号,轨交房,11242
25,谦祥·时光序,惠济,惠济刘寨兴隆铺路与粮仓路交叉口东南角,南北,14451
26,华储佳苑,管城,管城世纪欢乐园德凤街20号,满五年,13392
27,招商天地华府,二七,二七嵩山路嵩山南路,近地铁,11950
28,盛世之都,二七,二七长江路碧云路23号,多人关注,10744
29,美盛·中环壹号,金水,金水国基路国基路与文化路交汇处向西100米（郑州海洋馆对面）,南北,21013
30,升龙凤凰城(A区),金水,金水玉凤路郑汴路127号,热门小区,11840
31,建业香雅园,中原,中原五龙口漳河路,配套成熟,14142
32,绿地璀璨天城,惠济,惠济江山路江山路30号,房东急售,10715
33,融创美盛象湖壹号(1期),郑东,"郑东新区郑东新区周边凤栖街,近润泽路",南,10610
34,碧桂园云境,金水,金水国基路花园路与国基路交汇处西北角,满五,17641
35,泰宏建业国际城20号院,二七,二七嵩山路思勤江路10号,房东急售,11012
36,绿地澜庭(一期),经开,经开区滨河新区经开第十八大街,随时可看,12061
37,汇泉景悦城1号院,中原,"中原中原西路陇海路,近西三环",南,11305
38,招商·时代天宸,惠济,惠济省体育中心三全路与江山路交叉口向东200米,满五年,16948
39,规划局家属院,中原,中原碧沙岗伊河路29号,南北通透,13595
40,永威书香庭,管城,管城管南片市场街89号,厨卫全明,14092
41,正商中州城百合园,管城,管城安徐庄青山路,动静分离,10848
42,宏益华·央座,金水,金水大石桥南阳路东，优胜北路路南13号楼,轨交房,14936
43,和昌悦澜南苑,金水,金水花园路宏康路67号,南,14773
44,正商城裕园1号院,二七,二七华中片冯庄中路11号,满二年,14411
45,招商天地华府,二七,二七嵩山路嵩山南路,次新房,11611
46,九龙城龙栖尚都,中原,中原秦岭路金水西路116号,南,10582
47,腾威城(新房),管城,管城郑汴路郑汴路与英协路交叉口向南300米路东,满五年,15371
48,建业尚悦居,惠济,惠济英才街乐天街3号,近地铁,14928
49,阳光城9号院,管城,管城安徐庄南台路49号,南,16787
50,21世纪社区林苑,金水,金水国基路国基路,满五年,10857
51,佳田未来新城(新房),管城,管城世纪欢乐园未来路与石化路交叉口向西300米路南,近地铁,16528
52,阳光城9号院,管城,管城安徐庄南台路49号,厨卫全明,14750
53,绿地澜庭(一期),经开,经开区滨河新区经开第十八大街,轨交房,12722
54,锦艺金水湾观源苑,金水,金水三全路贾鲁河北路36号,南北,14879
55,紫东河(一期),管城,管城管南片文兴路6号,满二年,8855
56,大正·水晶森林,中原,中原中原周边科学大道和须水河东路交叉口向南500米,近地铁,12627
57,正商城和园3号院,二七,二七碧云路祥云路,车位充足,11123
58,中亨花园一号院,金水,金水大石桥南阳路301号,东南,8819
59,海马公园(B区),郑东,郑东新区新东站片普惠路46号,满二年,25578
60,大正·水晶森林,中原,中原中原周边科学大道和须水河东路交叉口向南500米,近地铁,13062
61,朗悦公园道1号玺园,高新,高新区科学大道枫杨街,次新房,15253
62,丰庆佳苑,金水,金水丰庆路丰庆路36号,东,13148
63,大正水晶森林1期,中原,中原中原周边须水河东路31号,热门小区,10935
64,谦祥·雲栖,高新,高新区科学大道郁香路与欢河路交会处向西50米,近地铁,15464
65,永恒理想名苑,管城,管城二里岗航海东路466号,房东急售,13276
66,文化绿城,金水,金水中医院丰庆路4号,小户型,10365
67,美景美境(一期),金水,金水国基路国基路,多轨交,17337
68,天擎花园,二七,二七长江路贺江路69号,南北,12522
69,谦祥·雲栖,高新,高新区科学大道郁香路与欢河路交会处向西50米,满二年,15741
70,普罗旺世塞纳维斯,金水,"金水索凌路国基路,近索凌路",次新房,19751
71,亚星望江居,二七,二七南三环环翠路140号,南北,11023
72,融侨悦澜庭(北院),二七,二七二七周边庆泰路70号,满二年,9037
73,龙湖熙上,管城,管城安徐庄金岱路鼎瑞街交叉口地铁4号线姚庄站向西400米,车位充足,12428
74,鑫苑城一号院,管城,管城管南片长江东路,南,14158
75,金科城(一期北院),高新,高新区科学大道月桂路21号,近地铁,17988
76,银基王朝(四期),金水,金水曼哈顿福元路157号,价格优惠,15579
77,永丰乐城幸福里,新郑,"新郑龙湖沙窝李祥云路,近滨湖路",房东急售,6742
78,谦祥·雲栖,高新,高新区科学大道郁香路与欢河路交会处向西50米,南北,16102
79,正商林语溪岸5号院,惠济,惠济迎宾路香山路120号,满五年,11230
80,谦祥万和城B区,高新,高新区科学大道长椿路216号,近地铁,10307
81,美景鸿城(一期鸿韵),管城,管城管南片腾飞路1号,轨交房,12536
82,龙湖熙上,管城,管城安徐庄金岱路鼎瑞街交叉口地铁4号线姚庄站向西400米,南,12479
83,豫军长基花园,金水,金水博颂路博颂路38号,满二年,12640
84,绿都紫荆华庭雅园,管城,管城管南片贺江路15号,近地铁,14844
85,升龙天汇广场9号院,中原,中原五龙口嵩山北路126号,车位充足,11689
86,华润郑州润园,中原,中原桐柏路金水西路秦岭路交会处,南,14524
87,亚星双河居,二七,二七嵩山南路环翠路138号,南,10045
88,金水世纪城,中原,中原秦岭路金水西路126号,满二年,13984
89,鑫苑城六号院,管城,管城安徐庄赣江路,车位充足,15355
90,清华紫光园,金水,金水丰庆路国基路89号,南北,10177
91,正商城禧园5号院,二七,二七碧云路长江东路,满二年,17593
92,荣邦城,高新,高新区科学大道牡丹路38号,车位充足,12338
93,万科美景龙堂,管城,"管城管南片中州大道,近岔河路",南,16526
94,鑫苑逸品香山(2期南苑),惠济,"惠济北大学城香山路,近金达路",满二年,10678
95,正商林语溪岸5号院,惠济,惠济迎宾路香山路120号,近地铁,12265
96,城北路东4号院,金水,金水金水路城北路东4号,次新房,8010
97,建业花园里金桂苑,惠济,惠济北大学城香山路32号,南北,14506
98,东润城(一期臻园),郑东,郑东新区郑东新区周边原圃路39号,满五年,10040
99,正商蓝钻小区,管城,管城航海东路港湾路2号,近地铁,12263
100,恒大绿洲(三期),经开,经开区第三大街经开第七大街58号,南,16068
101,正商城和园7号院,二七,二七碧云路祥云路42号,满二年,12925
102,五龙新城香堤园,中原,中原五龙口漳河路19号,近地铁,12175
103,橡树玫瑰城(南区),管城,管城安徐庄中州大道1188号,次新房,10313
104,万华城华府,高新,高新区科学大道郁香路37号,南北,13978
105,二七万达2号院,二七,二七万达广场大学南路8号,满五年,13847
106,建业花园里金桂苑,惠济,惠济北大学城香山路32号,车位充足,14045
107,建业枫林上院,金水,"金水索凌路文化北路,近三全路",西,14036
108,阳光城9号院,管城,管城安徐庄南台路49号,满五年,14944
109,君悦城,金水,金水红专路经一路北35号,近地铁,14538
110,雅居乐国际花园(西苑),郑东,郑东新区郑东新区周边象湖南路71号,南,12627
111,正商中州城百合园,管城,管城安徐庄青山路,满五年,11381
112,阳光城9号院,管城,管城安徐庄南台路49号,车位充足,12889
113,建业花园里金桂苑,惠济,惠济北大学城香山路32号,南,12828
114,和昌林与城,惠济,惠济北大学城承泽街6号,唯一住房,11984
115,亚星盛世郦都,二七,二七嵩山路郑密路126号,次新房,10961
116,正商林语溪岸5号院,惠济,惠济迎宾路香山路120号,南,12712
117,裕华满园,高新,高新区科学大道莲花街,满五年,11364
118,正弘数码公寓,金水,金水文博广场文博西路25号,近地铁,17131
119,中岳俪景湾,管城,管城管城周边文德路28号,南北,12833
120,万华城郁香苑,高新,高新区科学大道郁香路69号,满二年,12899
121,泰宏建业国际城12号院,二七,二七大学路绿水路36号,次新房,13384
122,绿都紫荆华庭雅园,管城,管城管南片贺江路15号,南北,13889
123,天誉华庭,中原,中原五龙口冉屯东路,满五年,16180
124,信保春风十里,经开,"经开区滨河新区华夏大道,近经南十二路",车位充足,11236
125,泰宏建业国际城10号院,二七,二七嵩山路绿水路,南,12814
126,泰宏建业国际城18号院,二七,二七二七周边金沙江路212号,近地铁,11027
127,保利文化广场一期,高新,高新区科学大道国槐街21号,房东急售,15419
128,亚星望江居,二七,二七南三环环翠路140号,随时可看,10746
129,绿都紫荆华庭雅园,管城,管城管南片贺江路15号,南,13050
130,郑州绿都城(北区),中原,中原中原西路中原西路137号,满五年,11806
131,华林都市家园,金水,金水南阳路南阳路242号,近地铁,11265
132,阳光城9号院,管城,管城安徐庄南台路49号,南,14390
133,美景麟起城二号院,惠济,惠济北大学城文化北路236号,满五年,12500
134,远大理想城,经开,经开区远大理想城经北二路66号,近地铁,13111
135,阳光嘉苑,金水,金水国基路国基路99号,绿化率高,11737
136,兴隆臻园,惠济,惠济刘寨粮仓南路22号,南,13269
137,兴隆臻园,惠济,惠济刘寨粮仓南路22号,满二年,12817
138,郑州国瑞静香园,金水,金水三全路三全路,次新房,9538
139,正商城和园3号院,二七,二七碧云路祥云路,南北通透,15047
140,中海湖滨世家一期,惠济,"惠济大河路文化北路,近大河路",公摊小,14991
141,万科美景龙堂,管城,"管城管南片中州大道,近岔河路",随时可看,16935
142,万科城湖心岛,中原,"中原中原周边科学大道,近红松路",南,12711
143,万科大都会和悦苑,二七,二七连云路南荆路,有电梯,15408
144,碧桂园天麓,金水,"金水国基路国基路,近花园路",次新房,18243
145,阳光城5号院,管城,管城安徐庄尚德路6号,南北,14718
146,盛澳金尊府,管城,"管城管南片腾飞路,近尚庄路",满五年,15611
147,中方园东区,金水,金水北环路北三环路62号,南,8603
148,中建滨水苑,航空,"航空港北港滨河西路,近归航路",热门小区,8198
149,万科城雅梅苑,高新,高新区科学大道创新大道,交易周期可谈,10798
150,正弘春晓,金水,金水绿荫广场索凌路8号,随时可看,10400
151,上东城,郑东,郑东新区郑东新区周边象湖南路62号,南北,10428
152,万科城秋棠苑,高新,"高新区科学大道科学大道,近三叶路",满五年,10809
153,金科城(一期北院),高新,高新区科学大道月桂路21号,近地铁,18410
154,中鼎花园,金水,金水国基路文化北路36号,车位充足,10891
155,铁道家园,二七,二七京广路京广中路18号,南,13314
156,金科城(一期北院),高新,高新区科学大道月桂路21号,南,18728
157,锦艺四季城香颂苑,惠济,惠济开元路英才街266号,满五年,12273
158,金锣湾得福园,二七,"二七华中片通站路,近航海中路",近地铁,10505
159,二七万达3号院,二七,二七万达广场人和路69附9号,多人关注,15148
160,万达广场小区,中原,中原秦岭路华山路72号,南,13171
161,绿都紫荆华庭雅园,管城,管城管南片贺江路15号,热门小区,13708
162,清华紫光园,金水,金水丰庆路国基路89号,配套成熟,9331
163,锦艺四季城香榭苑,惠济,惠济江山路天河路,房东急售,13325
164,锦艺金水湾观源苑,金水,金水三全路贾鲁河北路36号,南北,15690
165,郑地新港华苑,管城,"管城紫荆山路航海东路,近众城街",热门小区,15875
166,朗悦公园道1号玺园,高新,高新区科学大道枫杨街,价格优惠,16099
167,绿都澜湾榕园,管城,管城管南片青翠南路42号,房东急售,15062
168,康桥悦城2号院,经开,经开区滨河新区经开第十七大街,南北,14829
169,正商中州城芙蓉园,管城,管城安徐庄郑新路,满二年,10309
170,正商林语溪岸3号院,惠济,惠济迎宾路香山路110号,车位充足,11765
171,兰亭名苑,二七,二七长江路大学南路92号,南,11105
172,地质勘察院家属院,金水,金水文化路文化路76号,满五年,12932
173,西湖春天,中原,中原五龙口五龙口南路9号,近地铁,9131
174,学府花园(二七),二七,二七淮河路大学北路13号,南北,11533
175,美景美境(一期),金水,金水国基路国基路,满五年,18182
176,郑州华强城市广场(一二期),中原,中原五龙口电厂路,近地铁,14138
177,碧桂园天麓,金水,"金水国基路国基路,近花园路",绿化率高,18542
178,绿地璀璨天城,惠济,惠济江山路江山路30号,南,11025
179,绿都紫荆华庭雅园,管城,管城管南片贺江路15号,满五年,15622
180,绿都紫荆华庭晴园,管城,管城安徐庄贺江路,车位充足,16167
181,美景美境(一期),金水,金水国基路国基路,南,15910
182,金色港湾,管城,管城管南片港湾路1号,满二年,9867
183,国棉四厂家属院,中原,"中原棉纺路棉纺西路,近百花路",次新房,12267
184,五龙新城香逸园,中原,中原五龙口漳河路15号,南北,11705
185,万华城华府,高新,高新区科学大道郁香路37号,满五年,13596
186,阳光城8号院,管城,"管城航海东路长江东路,近尚庄路",近地铁,13538
187,康桥原溪里2号院,新郑,新郑龙湖华南城祥安路,次新房,7208
188,万科城湖心岛,中原,"中原中原周边科学大道,近红松路",南北,13332
189,富田太阳城(三期),管城,管城世纪欢乐园映月路,满五年,7074
190,风和日丽家园,中原,中原五龙口煤仓北路16号,近地铁,11915
191,迎宾路3号,惠济,惠济大河路迎宾路3号,南北,13881
192,华林都市家园,金水,金水南阳路南阳路242号,满五年,10103
193,万科美景魅力之城榭香园,航空,航空港北港凌霜街36号,近地铁,9667
194,阳光城9号院,管城,管城安徐庄南台路49号,南北,14050
195,鑫苑城二号院,管城,管城管南片爱心路,满五年,15521
196,思达大户人家,金水,金水绿荫广场天明路90号,近地铁,11909
197,建业花园里金桂苑,惠济,惠济北大学城香山路32号,南,13568
198,中建观湖国际(二期),经开,经开区滨河新区崇光路1号,热门小区,16512
199,泰宏建业国际城10号院,二七,二七嵩山路绿水路,价格优惠,13014
200,瀚宇广场,金水,金水索凌路宏康路,随时可看,15848
201,正商幸福港湾A区,管城,管城管南片城东南路37号,南,10787
202,绿都澜湾枫园,管城,管城管南片紫荆山南路,满二年,14737
203,万科山河道,中原,"中原秦岭路华山路,近颍河西路",车位充足,19591
204,泰宏建业国际城16号院,二七,二七大学路金沙江路222号,南北,12056
205,锦绣山河玉瑞园,二七,二七嵩山路庆喜路24号,满二年,9634
206,绿都紫荆华庭朗园,管城,管城管南片贺江路56号,车位充足,15000
207,普罗旺世温莎城堡,金水,金水国基路国基路,南北,20500
208,康桥朗城1号院,金水,金水花园路宏安路136号,满五年,14636
209,建业香雅园,中原,中原五龙口漳河路,近地铁,14214
210,金科城(二期南院),高新,"高新区科学大道月桂路,近玉兰街",车位充足,19326
211,碧桂园天麓,金水,"金水国基路国基路,近花园路",南北,18489
212,中原新城学府一号,中原,中原林山寨工人路23号,满五年,26471
213,威尼斯水城(三期西区),中原,中原五龙口桐柏北路100号,近地铁,13847
214,五龙新城香榭园,中原,中原五龙口漳河路12号,南,12233
215,普罗旺世新公园,金水,金水丰庆路国基路,满二年,20592
216,鑫苑城十五号院,管城,"管城安徐庄赣江路,近爱心路",南,14607
217,瀚宇天悦(二期),金水,金水索凌路丰庆路118号,有电梯,17248
218,七里香堤,管城,管城安徐庄紫东路156号,车位充足,14720
219,博宇晴城,金水,金水丰庆路博宇晴城,南北,10000
220,大正水晶森林1期,中原,中原中原周边须水河东路31号,满二年,11470
221,正商园田花园,金水,金水丰庆路丰庆路63号,近地铁,10431
222,美林河畔,管城,"管城管南片航海东路,近中州大道",次新房,8939
223,康桥悦城三号院,经开,经开区滨河新区经开第十八大街,南,14153
224,绿都紫荆华庭雅园,管城,管城管南片贺江路15号,满二年,14485
225,朗悦公园道1号玺园,高新,高新区科学大道枫杨街,近地铁,18957
226,升龙天汇广场9号院,中原,中原五龙口嵩山北路126号,南,11891
227,十八里河兴仁居二号院,管城,管城管南片霞飞路,满五年,6821
228,万科民安云城,惠济,"惠济大河路金河路,近东胜路",南,14179
229,建业香雅园,中原,中原五龙口漳河路,满二年,14082
230,锦绣华北,中原,中原陇海西路陇海西路188号,次新房,14947
231,美景鸿城(二期鸿图),管城,管城管南片腾飞路2号,南北,14270
232,升龙又一城(1号院),高新,"高新区科学大道科学大道,近长椿路",满二年,11285
233,七里香堤,管城,管城安徐庄紫东路156号,近地铁,13523
234,碧源月湖和园,惠济,惠济大河路开元路,人气热搜,13319
235,鑫苑名城1号院,二七,二七二七周边广秀路72号,南,9587
236,圣菲城(北区),金水,金水花园路渠东路,满二年,18479
237,正弘澜庭叙A区,惠济,惠济英才街豫泰路9号,近地铁,17704
238,星联湾,郑东,郑东新区郑东新区周边象辰路88号,车位充足,11141
239,大正水晶森林1期,中原,中原中原周边须水河东路31号,南,12042
240,东润城(三期裕园),郑东,郑东新区郑东新区周边原圃路30号,满五年,10871
241,朗悦公园道1号玺园,高新,高新区科学大道枫杨街,车位充足,17983
242,普罗旺世佛罗伦斯(西区),金水,金水索凌路国基路166号,南北,16616
243,美盛教育港湾(一期),金水,金水丰庆路国基路83附16号,满二年,19349
244,朗悦公园道1号玺园,高新,高新区科学大道枫杨街,近地铁,16854
245,保利海上五月花百合园,惠济,惠济北大学城桂香路14号,南,15629
246,锦艺金水湾观臻苑,金水,金水索凌路文化北路,满五年,16082
247,正商华钻澜庭2号院,管城,管城安徐庄紫辰路,近地铁,11923
248,普罗旺世波特兰,金水,金水国基路宏达街88号,多人关注,14278
249,森林阳光花园,金水,金水国基路中州大道634号,南,12451
250,康桥朗城3号院,金水,金水金水周边宏康路46号,唯一住房,17583
251,正弘府,惠济,惠济英才街豫泰路29号,次新房,18164
252,泰宏建业国际城9号院,二七,二七大学南路荆胡街9号,南,12576
253,盛澳金尊府,管城,"管城管南片腾飞路,近尚庄路",近地铁,16488
254,正商家河家华庭二号院,惠济,"惠济江山路新城路,近娱乐路",房东急售,12366
255,城开绿城绿园(二期),中原,"中原桐柏路五龙口南路,近桐柏北路",随时可看,11154
256,万达广场小区,中原,中原秦岭路华山路72号,南,13171
257,正大美丽泉,中原,中原陇海西路陇海西路329号,满五年,10588
258,翰林国际城孔园,高新,高新区莲花街金梭路221号,近地铁,13474
259,正商智慧城博园,新郑,新郑龙湖沙窝李正商大道,南,7694
260,加州第一城,经开,经开区第八大街经开第五大街45号,满五年,9636
261,中海意园,管城,"管城管城周边华夏大道,近经南八路",绿化率高,16854
262,鼎天東尚,郑东,"郑东新区郑东新区周边博学路,近薛夏北街",南,15551
263,融创城开珑城1号院,惠济,"惠济北大学城新苑路,近索凌路",满五年,15415
264,文化宫路12号院,中原,中原帝湖文化宫路12号,近地铁,18500
265,升龙又一城(2期),高新,高新区科学大道科学大道89号,南北,13514
266,永威南樾瑞苑,航空,航空港北港桥航路74号,满二年,8345
267,五龙新城香榭园,中原,中原五龙口漳河路12号,南北,12626
268,裕华满园,高新,高新区科学大道莲花街,满五年,11465
269,朗悦公园道1号誉园,高新,高新区科学大道枫杨街29号,次新房,15688
270,恒大翡翠华庭,高新,高新区科学大道山桃路11号,南北,13591
271,永威翡翠城,郑东,郑东新区商鼎路商鼎路6号,满二年,18590
272,财信圣堤亚纳,郑东,郑东新区黄河东路商都路21号,近地铁,17477
273,永威书香庭,管城,管城管南片市场街89号,车位充足,14597
274,亚星盛世雅居,二七,二七长江路长江中路127号,南,14028
275,五建新街坊5号院,中原,中原郑上路小学建设西路108附6号,满五年,18775
276,朗悦公园道1号玺园,高新,高新区科学大道枫杨街,近地铁,17416
277,阳光城5号院,管城,管城安徐庄尚德路6号,车位充足,14165
278,美景菩提,高新,高新区科学大道科学大道59号,南北,15341
279,兴隆臻园,惠济,惠济刘寨粮仓南路22号,满二年,14301
280,朗悦公园府悦棠苑,高新,高新区科学大道合欢街51号,次新房,17163
281,普罗旺世塞纳维斯,金水,"金水索凌路国基路,近索凌路",北,16854
282,翰林锦苑(A区),郑东,郑东新区郑东新区周边瑞云路87号,满五年,7283
283,金锣湾万福园,管城,管城南关众诚街35号,近地铁,13632
284,阳光城8号院,管城,"管城航海东路长江东路,近尚庄路",南,15569
285,富田九鼎世家,经开,经开区第三大街经开第五大街88号,满五年,16004
286,锦艺国际华都美域,中原,中原棉纺路棉纺西路4号,近地铁,13373
287,昌建誉峰,惠济,惠济刘寨南阳路177号,绿化率高,14991
288,千鹿山,惠济,惠济迎宾路迎宾路17号,南,13043
289,融侨雅筑,管城,"管城管城周边经南九路,近经开第十九大街",满二年,15291
290,美景麟起城一号院,惠济,惠济北大学城贾鲁河北路12号,车位充足,13809
291,万科城湖心岛,中原,"中原中原周边科学大道,近红松路",南北,13373
292,康桥上城品,中原,中原陇海西路陇海西路306号,满五年,13776
293,正弘旗,金水,金水农业路东明路北260号,近地铁,15385
294,天地湾佳苑,惠济,惠济北大学城英才街6号,南,13747
295,绿都澜湾椿园,管城,管城管南片霞飞路,热门小区,14495
296,万华城华府,高新,高新区科学大道郁香路37号,近地铁,15394
297,正弘澜庭叙D区,惠济,惠济英才街花园北路,公摊小,16130
298,锦绣山河玉瑞园,二七,二七嵩山路庆喜路24号,南北,10491
299,帝湖花园东王府,中原,中原帝湖桐柏南路98号,满二年,9079
300,正商恒钻,金水,金水沙口路沙口路8号,近地铁,12360
301,金锣湾鸿福园,管城,管城二里岗玉城街39号,次新房,16293
302,中央花园(中牟),郑东,郑东新区郑东新区周边永顺路50号,南,7343
303,五龙新城香榭园,中原,中原五龙口漳河路12号,满五年,11898
304,万科大都会天悦苑,二七,二七二七周边南荆路,近地铁,10473
305,升龙又一城(2期),高新,高新区科学大道科学大道89号,南,12698
306,雅居乐国际花园(西苑),郑东,郑东新区郑东新区周边象湖南路71号,满二年,14667
307,万科城采薇苑,高新,"高新区科学大道科学大道,近红叶路",南,13373
308,大正水晶森林1期,中原,中原中原周边须水河东路31号,唯一住房,12834
309,正商家河家华庭一号院,惠济,"惠济大河路开元路,近江山路",近地铁,13290
310,万科城秋棠苑,高新,"高新区科学大道科学大道,近三叶路",次新房,11425
311,万科城秋棠苑,高新,"高新区科学大道科学大道,近三叶路",南北,12079
312,五建新街坊1号院,中原,中原棉纺路建设西路108附6号,满二年,12679
313,盛润小城之春,金水,"金水陈寨园田路,近博卉路",近地铁,15281
314,美景菩提,高新,高新区科学大道科学大道59号,次新房,14319
315,锦艺四季城香颂苑,惠济,惠济开元路英才街266号,南,13484
316,美盛教育港湾(一期),金水,金水丰庆路国基路83附16号,满五年,17962
317,万华城华府,高新,高新区科学大道郁香路37号,近地铁,15799
318,绿都澜湾榕园,管城,管城管南片青翠南路42号,南北,15039
319,远大理想城,经开,经开区远大理想城经北二路66号,热门小区,11158
320,海马青风公园(一期),管城,"管城管城周边经开十七大街,近经南十二路",房东急售,14156
321,美景菩提,高新,高新区科学大道科学大道59号,随时可看,15394
322,锦艺国际华都美域,中原,中原棉纺路棉纺西路4号,南,13172
323,中海湖滨世家一期,惠济,"惠济大河路文化北路,近大河路",唯一住房,16595
324,万华城华府,高新,高新区科学大道郁香路37号,近地铁,14385
325,中鼎花园,金水,金水国基路文化北路36号,南,11169
326,滨河花园(二里岗),管城,管城航海东路紫辰路35号,满二年,10207
0,龙湖景粼玖序,高新,高新区科学大道春藤路5号,南北,19925
1,和润林湖美景,中原,中原棉纺路西三环213号,有电梯,13051
2,升龙城2号院,二七,"二七升龙国际兴华南街,政通路",近地铁,12056
3,正商华钻澜庭3号院,管城,管城安徐庄紫辰路,次新房,12500
4,金水世纪城,中原,中原秦岭路金水西路126号,南北,12568
5,荣邦城,高新,高新区科学大道牡丹路38号,满五年,11097
6,正商中州城百合园,管城,管城安徐庄青山路,近地铁,11124
7,杲村滨河家园(东院),金水,金水索凌路贾鲁河南路39号,南,12973
8,正商林语溪岸3号院,惠济,惠济迎宾路香山路110号,满五年,10241
9,星联御象湖,郑东,郑东新区郑东新区周边和风街60号,近地铁,12044
10,永威枫香庭西院,管城,管城安徐庄郑新路,车位充足,14773
11,锦艺金水湾观源苑,金水,金水三全路贾鲁河北路36号,南,16293
12,绿都澜湾桂园,管城,管城管城周边青翠南路39号,满二年,14507
13,风和日丽家园,中原,中原五龙口煤仓北路16号,近地铁,11380
14,万科美景龙堂,管城,"管城管南片中州大道,近岔河路",南,17529
15,锦艺四季城香颂苑,惠济,惠济开元路英才街266号,满二年,12922
16,外商公寓,金水,金水农业路农业路20号,车位充足,15275
17,七里香堤,管城,管城安徐庄紫东路156号,南,11841
18,正商家河家华庭二号院,惠济,"惠济江山路新城路,近娱乐路",满五年,11837
19,万科城湖心岛,中原,"中原中原周边科学大道,近红松路",车位充足,12496
20,万科民安云城,惠济,"惠济大河路金河路,近东胜路",南北通透,13820
21,万华城郁香苑,高新,高新区科学大道郁香路69号,价格优惠,14229
22,康桥悦城1号院,经开,"经开区滨河新区经开十七大街,近南三环",房东急售,15011
23,绿都澜湾樟园,管城,管城管城周边文曲路5号,南,14573
24,升龙国际中心B区,二七,二七升龙国际政通路66号,满五年,14145
25,天地湾晴苑,惠济,惠济英才街英才街4号,南,12524
26,永丰乐城阳光里,新郑,新郑龙湖沙窝李祥云路,满五年,8652
27,金锣湾万福园,管城,管城南关众诚街35号,次新房,14196
28,正弘春晓,金水,金水绿荫广场索凌路8号,南北,10817
29,非常国际(二期),金水,金水金水周边德亿路8号,热门小区,14091
30,中原新城观澜小区工人路186号院,中原,中原帝湖工人路186号,近地铁,13363
31,橄榄城柏林阳光,二七,二七连云路连云路69号,配套成熟,11798
32,保利永威西溪花园,高新,高新区科学大道白杨路12号,南,13140
33,中铁七局石化路小区,管城,管城世纪欢乐园石化路52号,满二年,10506
34,保利永威西溪花园,高新,高新区科学大道白杨路12号,次新房,15622
35,绿都澜湾樟园,管城,管城管城周边文曲路5号,南,14830
36,九龙城龙腾西城,中原,中原五龙口冉屯路55号,满二年,12253
37,正商家河家华庭二号院,惠济,"惠济江山路新城路,近娱乐路",车位充足,12347
38,永威森林花语,郑东,郑东新区郑东新区周边和风街86号,南,13262
39,富田九鼎世家,经开,经开区第三大街经开第五大街88号,满二年,16004
40,万科天伦紫台紫瑞苑,惠济,惠济开元路文化路,近地铁,13942
41,建业花园里海棠苑,惠济,惠济北大学城开元路,绿化率高,14720
42,阳光城5号院,管城,管城安徐庄尚德路6号,南,14087
43,招商天地华府,二七,二七嵩山路嵩山南路,热门小区,12273
44,海珀兰轩,经开,经开区第三大街经开第一大街5号,满五,14205
45,老街绿地郑东新苑三期,郑东,郑东新区绿地老街天赋路29号,房东急售,27500
46,鑫苑名城北苑,二七,二七二七周边嵩山南路,南,10704
47,正商家河家华庭二号院,惠济,"惠济江山路新城路,近娱乐路",近地铁,11667
48,普罗旺世波特兰,金水,金水国基路宏达街88号,南,15618
49,锦艺国际华都博郡,中原,中原棉纺路棉纺西路6号,满二年,13034
50,万科大都会和悦苑,二七,二七连云路南荆路,次新房,12632
51,升龙城2号院,二七,"二七升龙国际兴华南街,政通路",南北,14097
52,锦艺四季城香颂苑,惠济,惠济开元路英才街266号,满二年,12922
53,五龙新城香榭园,中原,中原五龙口漳河路12号,近地铁,12507
54,水榭华城,新郑,新郑龙湖华南城双湖大道东段77号,南北,5323
55,金锣湾万福园,管城,管城南关众诚街35号,满二年,11798
56,通和盛世,中原,中原五龙口电厂路35号,近地铁,8889
57,晶华城(3期),中原,中原五龙口冉屯北路13号,南,12251
58,财信圣堤亚纳,郑东,郑东新区黄河东路商都路21号,满二年,16270
59,联盟新城一期,郑东,郑东新区农业东路农业东路88号,次新房,21485
60,正商金域世家,中原,中原桐柏路金水西路106号,南,13484
61,海悦雅居,二七,二七大学路郑航街21号,满五年,11778
62,正商华钻澜庭3号院,管城,管城安徐庄紫辰路,近地铁,13637
63,金水世纪城,中原,中原秦岭路金水西路126号,南北,13034
64,星联湾,郑东,郑东新区郑东新区周边象辰路88号,满五年,12196
65,亚星江南小镇,上街,上街中心路淮阳路南段23号,近地铁,5091
66,昌建君悦府,二七,"二七华中片南四环,近嵩山路",南,11075
67,九龙城龙腾西城,中原,中原五龙口冉屯路55号,满五年,13637
68,信保春风十里,经开,"经开区滨河新区华夏大道,近经南十二路",近地铁,11236
69,永威书香庭,管城,管城管南片市场街89号,南,13250
70,升龙又一城3号院,高新,高新区科学大道玉兰街75号,满二年,12348
71,普罗旺世波特兰,金水,金水国基路宏达街88号,车位充足,15069
72,金锣湾得福园,二七,"二七华中片通站路,近航海中路",热门小区,11047
73,绿地澜庭(二期),经开,经开区滨河新区经开第十八大街,南北通透,12809
74,浩创梧桐郡(二期),新郑,新郑龙湖华南城祥云路,配套成熟,9953
75,方圆创世,管城,管城南关陇海路66号,南,14212
76,鑫苑城二号院,管城,管城管南片爱心路,满五年,16337
77,和润林湖美景,中原,中原棉纺路西三环213号,南北,12848
78,天鹅湖畔,新郑,新郑新郑城区中华路,满二年,9024
79,富田太阳城(二期),管城,管城富田太阳城明月路52号,车位充足,10732
80,普罗旺世塞纳维斯,金水,"金水索凌路国基路,近索凌路",南,17822
81,青春圣地,郑东,郑东新区农业南路七里河南路,满五年,19880
82,清城美苑,中原,中原五龙口冉屯路2号,南,11321
83,美景麟起城一号院,惠济,惠济北大学城贾鲁河北路12号,唯一住房,15956
84,万科城雅梅苑,高新,高新区科学大道创新大道,绿化率高,12273
85,万华城郁香苑,高新,高新区科学大道郁香路69号,多人关注,13109
86,万华城华府,高新,高新区科学大道郁香路37号,南北,14189
87,万科大都会天悦苑,二七,二七二七周边南荆路,满五年,11691
88,汇泉景悦城1号院,中原,"中原中原西路陇海路,近西三环",车位充足,13812
89,锦艺金水湾观臻苑,金水,金水索凌路文化北路,南,15478
90,远大理想城,经开,经开区远大理想城经北二路66号,满五年,11696
91,和昌盛世城邦润园,航空,航空港南港乔松街106号,近地铁,8400
92,正商家河家华庭二号院,惠济,"惠济江山路新城路,近娱乐路",南,12552
93,龙湖锦艺城,新郑,新郑龙湖华南城双湖东道2号,满五年,7246
94,正商花都港湾,管城,管城紫荆山路紫荆山南路388号,近地铁,10694
95,华瑞紫金嘉苑,金水,"金水三全路丰庆路,近金冠路",南北,17514
96,九龙城龙腾西城,中原,中原五龙口冉屯路55号,满五年,13056
97,大正水晶森林1期,中原,中原中原周边须水河东路31号,近地铁,12717
98,永威书香庭,管城,管城管南片市场街89号,次新房,13438
99,世茂云尚城玉海园,管城,"管城南关新郑路,近连城街",南,15592
100,绿都澜湾樟园,管城,管城管城周边文曲路5号,满二年,15640
101,普罗旺世波特兰,金水,金水国基路宏达街88号,次新房,14142
102,老街绿地郑东新苑四期,郑东,郑东新区绿地老街天赋路30号,南北,26021
103,中海意园,管城,"管城管城周边华夏大道,近经南八路",满五年,17081
104,金科城(三期),中原,"中原五龙口月桂路,近科学大道",南北,18527
105,和润林湖美景,中原,中原棉纺路西三环213号,满五年,12697
106,恒大绿洲(三期),经开,经开区第三大街经开第七大街58号,近地铁,14844
107,中联创橄榄城伍号院,二七,二七连云路连云路128号,南,11974
108,升龙天汇3号院,中原,中原五龙口桐柏北路,满二年,12273
109,碧桂园双湖城,新郑,新郑龙湖双湖大道双湖大道,近地铁,7769
110,西湖春天,中原,中原五龙口五龙口南路9号,南,8334
111,望湖花园,中原,中原五龙口电厂南路2号,满五年,9491
112,兴隆臻园,惠济,惠济刘寨粮仓南路22号,近地铁,14270
113,正商林语溪岸5号院,惠济,惠济迎宾路香山路120号,次新房,10269
114,融创美盛象湖壹号(1期),郑东,"郑东新区郑东新区周边凤栖街,近润泽路",南北,11506
115,永威西苑,中原,中原陇海西路昆仑路6号,满二年,15105
116,绿都澜湾梓园,管城,管城管南片紫荆山南路,次新房,17228
117,思达大户人家,金水,金水绿荫广场天明路90号,南北,13084
118,恒大绿洲(一期),经开,经开区第八大街经开第八大街76号,满五年,16968
119,富田兴和湾,新郑,"新郑龙湖沙窝李紫荆山南路,近郑州绕城高速",近地铁,8182
120,橡树玫瑰城(南区),管城,管城安徐庄中州大道1188号,西,10561
121,天裕小区,金水,金水中州大道东风路217号,满二年,15653
122,金晨嘉园,金水,"金水陈寨文化路,近北环路",近地铁,13121
123,融创城开珑城1号院,惠济,"惠济北大学城新苑路,近索凌路",多人关注,15506
124,千鹿山,惠济,惠济迎宾路迎宾路17号,南,12756
125,万科天伦紫台紫瑞苑,惠济,惠济开元路文化路,近地铁,14044
126,富田九鼎世家,经开,经开区第三大街经开第五大街88号,配套成熟,17949
127,金辉滨河云著,管城,"管城管城周边经开十七大街,近经南十四",价格优惠,14889
128,瀚宇天悦(1期),金水,金水文化路文化北路106号,东南,17096
129,鑫苑逸品香山(2期南苑),惠济,"惠济北大学城香山路,近金达路",满五年,12135
130,美盛教育港湾(一期),金水,金水丰庆路国基路83附16号,近地铁,19062
131,碧桂园双湖城,新郑,新郑龙湖双湖大道双湖大道,绿化率高,7237
132,融侨雅筑,管城,"管城管城周边经南九路,近经开第十九大街",南,16037
133,湖畔花园,中原,"中原中原周边河阳路,近青梅路",满二年,11572
134,招商天地华府,二七,二七嵩山路嵩山南路,次新房,11941
135,升龙凤凰城(D区),金水,"金水玉凤路玉凤路,近青年路",南,13069
136,万科天伦紫台紫澜苑,惠济,"惠济北大学城大河路,近文化北路",满五年,14535
137,万科天伦紫台紫澜苑,惠济,"惠济北大学城大河路,近文化北路",车位充足,14286
138,安泰新龙小区,金水,金水三全路宏祥路28号,南,10532
139,正商华钻澜庭3号院,管城,管城安徐庄紫辰路,车位充足,12360
140,金林公馆南区,金水,金水未来路燕庄二街96号,南,17304
141,未来名家,管城,管城管南片未来路,满五年,11112
142,汇泉西悦城1号院,中原,中原陇海西路金田路10号,近地铁,9340
143,银基王朝(四期),金水,金水曼哈顿福元路157号,绿化率高,18261
144,建业花园里紫薇苑,惠济,惠济北大学城开元路,南,14470
145,鑫苑名城1号院,二七,二七二七周边广秀路72号,唯一住房,11339
146,汉飞金沙国际,金水,金水沙口路沙口路1号,绿化率高,13375
147,正商新蓝钻B区,管城,管城管南片航海东路55号,南北,13217
148,四月天小区,金水,金水国基路国基路102号,满五年,10976
149,工人南路338号院,中原,中原帝湖工人南路338号,南北,11869
150,万科大都会锦悦苑,二七,"二七二七周边南四环,近大学南路",满五年,12461
151,老街绿地郑东新苑二期,郑东,郑东新区绿地老街天赋路28号,车位充足,22029
152,德润海悦华庭,二七,二七长江路赣江路163号,南北,11957
153,威尼斯水城(三期西区),中原,中原五龙口桐柏北路100号,满二年,10384
154,金科城(二期南院),高新,"高新区科学大道月桂路,近玉兰街",近地铁,18367
155,名门翠园熙雅苑,金水,"金水索凌路冠军路,近丰收路",车位充足,14131
156,正商智慧城博园,新郑,新郑龙湖沙窝李正商大道,南北,10000
157,高新锦华苑小区,高新,高新区科学大道金菊街16号,满五年,13289
158,绿都澜湾樟园,管城,管城管城周边文曲路5号,近地铁,15171
159,瑞景花园,金水,金水国基路国基路108号,次新房,10376
160,郑州轻工业学院家属院,金水,"金水东风路东风路,近信息学院路",南,12118
161,森林阳光花园,金水,金水国基路中州大道634号,有电梯,13750
162,康桥美棠,二七,二七连云路南屏路,次新房,12215
163,法兰原著,新郑,"新郑龙湖华南城祥安路,近郑新路",南北,7143
164,正弘澜庭叙D区,惠济,惠济英才街花园北路,满二年,15951
165,汇泉景悦城1号院,中原,"中原中原西路陇海路,近西三环",次新房,13144
166,万科天伦紫台紫澜苑,惠济,"惠济北大学城大河路,近文化北路",南,13505
167,绿都澜湾枫园,管城,管城管南片紫荆山南路,满二年,13550
168,龙居兰亭,中原,中原五龙口冉屯东路,次新房,10225
169,正商家河家华庭二号院,惠济,"惠济江山路新城路,近娱乐路",南北,12449
170,正商华钻湾景2号院,管城,管城安徐庄紫辰路57号,满五年,12809
171,中建滨水苑,航空,"航空港北港滨河西路,近归航路",近地铁,8354
172,汇泉西悦城5号院,中原,中原陇海西路金兰路69号,南,8991
173,御景台(南区),二七,二七连云路丹枫路6号,满五年,11591
174,永恒理想公元,金水,金水英协路郑汴路152号,车位充足,12033
175,永威西苑,中原,中原陇海西路昆仑路6号,南,14445
176,啟福花园(南区),中原,中原汝河路华山路82号,满二年,10640
177,郑州绿地城一区,二七,二七嵩山路春分路11号,车位充足,9487
178,碧桂园豫府,郑东,郑东新区北龙湖众意路,南北,43128
179,森林阳光花园,金水,金水国基路中州大道634号,满五年,12472
180,正商家河家华庭一号院,惠济,"惠济大河路开元路,近江山路",南,14387
181,九锦台B区,金水,金水国基路中方园路,满二年,12079
182,绿都紫荆华庭雅园,管城,管城管南片贺江路15号,次新房,14777
183,金沙湖高尔夫观邸(北区),经开,经开区第三大街经南八路,南,14383
184,郑州大学东生活区,二七,二七河医片大学北路26号,满五年,15784
185,橄榄城柏林印象,二七,二七连云路碧云路99号,近地铁,13024
186,久久思达(一期),二七,二七棉纺东路棉纺东路25号,车位充足,17895
187,金荣花园,经开,经开区第三大街经开第四大街,西南,12071
188,绿云小区白雪里,二七,二七淮河路兴华南街,满五年,17011
189,宏鑫家园,管城,管城安徐庄金岱路18号,近地铁,9331
190,美景鸿城(三期鸿福),管城,管城航海东路腾飞路4号,南北,11792
191,五建新街坊1号院,中原,中原棉纺路建设西路108附6号,满二年,11554
192,鑫苑世家,金水,金水文博广场农科路9号,车位充足,23462
193,大正水晶森林1期,中原,中原中原周边须水河东路31号,南,13055
194,万科天伦紫台紫澜苑,惠济,"惠济北大学城大河路,近文化北路",满五年,13643
195,旭辉正荣首府,二七,二七华中片寿康路9号,近地铁,11903
196,五建新街坊1号院,中原,中原棉纺路建设西路108附6号,南,12765
197,碧源月湖和园,惠济,惠济大河路开元路,满二年,12922
198,永威枫香庭东院,管城,管城安徐庄中州大道,近地铁,15329
199,普罗旺世二期罗曼维森,金水,金水索凌路国基路168号,西,16935
200,华林都市家园,金水,金水南阳路南阳路242号,热门小区,13800
201,秀水苑,郑东,郑东新区郑东新区周边鸿苑路45号,近地铁,15328
202,圣菲城(北区),金水,金水花园路渠东路,公摊小,20904
203,正商蓝钻小区,管城,管城航海东路港湾路2号,南北,12096
204,富田城九鼎公馆二号院,管城,"管城管城周边南三环,近郑尉路",满五年,14495
205,招商天地华府,二七,二七嵩山路嵩山南路,近地铁,10050
206,绿都紫荆华庭雅园,管城,管城管南片贺江路15号,多人关注,13828
207,新嘉苑小区,新郑,新郑龙湖双湖大道梅山路,南北,5592
208,阳光城5号院,管城,管城安徐庄尚德路6号,满二年,11833
209,正商家河家华庭一号院,惠济,"惠济大河路开元路,近江山路",近地铁,14642
210,瀚海泰苑,金水,金水陈寨北三环路52号,绿化率高,15698
211,和昌澜景,中原,中原汝河路汝河路135号,南北,13564
212,老街绿地郑东新苑一期,郑东,郑东新区绿地老街天赋路12-20号,满五年,21843
213,谦祥万和城A区,高新,"高新区科学大道长椿路,近蔷薇街",近地铁,13447
214,绿都紫荆华庭雅园,管城,管城管南片贺江路15号,南,14539
215,正商幸福港湾D区,管城,管城二里岗城东路,满五年,13341
216,正商家河家华庭一号院,惠济,"惠济大河路开元路,近江山路",近地铁,14163
217,万科民安云城,惠济,"惠济大河路金河路,近东胜路",南,13978
218,正商新蓝钻A区,管城,管城航海东路航海东路70号,满五年,14266
219,正商家河家华庭二号院,惠济,"惠济江山路新城路,近娱乐路",近地铁,12756
220,华润悦玺,惠济,惠济刘寨兴隆辅路,多人关注,18992
221,金沙湖高尔夫观邸(北区),经开,经开区第三大街经南八路,南北,14944
222,中建滨水苑,航空,"航空港北港滨河西路,近归航路",近地铁,8168
223,南熙福邸,郑东,郑东新区郑东新区周边大有路23号,配套成熟,13112
224,绿都澜湾新苑,管城,"管城管南片紫荆山南路,近花溪东路",价格优惠,11607
225,融创美盛象湖壹号(1期),郑东,"郑东新区郑东新区周边凤栖街,近润泽路",南,11564
226,正弘澜庭叙A区,惠济,惠济英才街豫泰路9号,唯一住房,16068
227,昆仑望岳东苑,中原,中原中原西路华山路,次新房,22138
228,远大理想城,经开,经开区远大理想城经北二路66号,北,12356
229,老街绿地郑东新苑三期,郑东,郑东新区绿地老街天赋路29号,车位充足,26671
230,怡丰新都汇(1期),金水,金水农业路生产路21号,南北,12290
231,大正水晶森林1期,中原,中原中原周边须水河东路31号,满二年,11911
232,和昌林与城,惠济,惠济北大学城承泽街6号,车位充足,9771
233,富田城九鼎公馆二号院,管城,"管城管城周边南三环,近郑尉路",南,14461
234,润城时光里,郑东,郑东新区通泰路永平路15号,满五年,11597
235,瀚宇天悦(1期),金水,金水文化路文化北路106号,近地铁,15506
236,正商城裕园6号院,二七,二七南三环三峡路,次新房,12387
237,鑫苑鑫城,郑东,郑东新区东风南路康平路89号,南,19139
238,安泰新龙小区,金水,金水三全路宏祥路28号,满二年,9916
239,正弘澜庭叙A区,惠济,惠济英才街豫泰路9号,次新房,17838
240,绿都澜湾桂园,管城,管城管城周边青翠南路39号,南,13290
241,恒大名都,金水,金水科技市场文化路66号,满五年,20528
242,金科城(二期南院),高新,"高新区科学大道月桂路,近玉兰街",近地铁,19262
243,金科城(一期北院),高新,高新区科学大道月桂路21号,绿化率高,17978
244,和昌悦澜北苑,金水,金水花园路宏康路66号,南北,14305
245,正商新蓝钻E区,管城,管城航海东路果园路35号,满五年,14705
246,方圆经纬,中原,"中原碧沙岗桐柏北路,近棉纺路",近地铁,13354
247,海亮时代ONE,金水,金水花园路宏康路55号,南,6526
248,御景台(南区),二七,二七连云路丹枫路6号,唯一住房,11353
249,远大理想城,经开,经开区远大理想城经北二路66号,车位充足,12294
250,万科城采薇苑,高新,"高新区科学大道科学大道,近红叶路",南,13147
251,浩创梧桐郡(一期),新郑,"新郑龙湖华南城祥和路,近郑新快速通道",满五年,7450
252,绿地璀璨天城,惠济,惠济江山路江山路30号,车位充足,12832
253,正商明钻一期,中原,中原五龙口电厂路19号,南,11057
254,金晨嘉园,金水,"金水陈寨文化路,近北环路",满二年,13856
255,万科天伦紫台紫馨苑,惠济,惠济开元路文化路,近地铁,14045
256,正弘高新数码港云都会熙园,高新,高新区科学大道科学大道,车位充足,14570
257,锦艺金水湾观臻苑,金水,金水索凌路文化北路,南,14832
258,郑州国瑞静香园,金水,金水三全路三全路,满五年,9091
259,大正水晶森林1期,中原,中原中原周边须水河东路31号,近地铁,11207
260,悦府海棠,新郑,新郑龙湖沙窝李文昌路58号,南,6405
261,阳光城9号院,管城,管城安徐庄南台路49号,满五年,14031
262,观澜郡,新郑,"新郑龙湖沙窝李祥云路,近鸿鹄路",近地铁,6642
263,永恒理想公元,金水,金水英协路郑汴路152号,南北,12500
264,正商瑞钻,新郑,"新郑龙湖双湖大道文昌路,近双湖大道",满二年,6590
265,和昌林与城,惠济,惠济北大学城承泽街6号,近地铁,10179
266,万科天伦紫台紫馨苑,惠济,惠济开元路文化路,次新房,14045
267,郑州华强城市广场(一二期),中原,中原五龙口电厂路,南,13314
268,罗马假日,金水,金水北环路花园路159号,满五年,12966
269,正商瑞钻,新郑,"新郑龙湖双湖大道文昌路,近双湖大道",近地铁,9785
270,伟业龙湖上城,金水,金水金水周边杨金路,南,14625
271,九锦台B区,金水,金水国基路中方园路,满五年,11755
272,亚新美好城邦,金水,金水农业路农业路172号,近地铁,15831
273,正商汇航铭筑,管城,管城管城周边航海东路,南,6578
274,金地铂悦,管城,管城世纪欢乐园航海东路,满五年,14653
275,正商河峪洲一号院,惠济,惠济邙山片文景街33号,南,15360
276,风和日丽家园,中原,中原五龙口煤仓北路16号,唯一住房,10871
277,建业花园里海棠苑,惠济,惠济北大学城开元路,多人关注,14944
278,朗悦公园道1号誉园,高新,高新区科学大道枫杨街29号,西南,14524
279,升龙天汇广场9号院,中原,中原五龙口嵩山北路126号,满二年,12994
280,中原名邸,中原,中原秦岭路秦岭路,近地铁,8375
281,正商花语里,中原,中原五龙口濮河路6号,车位充足,17994
282,升龙凤凰城(D区),金水,"金水玉凤路玉凤路,近青年路",南北,10972
283,水境怡园,惠济,惠济北大学城迎宾路9号,满五年,11316
284,东亚京尊(东苑),管城,"管城安徐庄通站路,近紫东路",南,6000
285,十八里河兴仁居二号院,管城,管城管南片霞飞路,满五年,8316
286,老街绿地郑东新苑一期,郑东,郑东新区绿地老街天赋路12-20号,近地铁,20554
287,朗曼新城(一期),巩义,巩义巩义城区石河路,绿化率高,9392
288,旭辉正荣首府,二七,二七华中片寿康路9号,南,12003
289,万科山河道,中原,"中原秦岭路华山路,近颍河西路",满二年,17524
290,绿都紫荆华庭脉动,管城,"管城管城周边南三环,近紫荆山南路",次新房,6563
291,东润华景,郑东,郑东新区郑东新区周边商都大道,南,7526
292,路劲国际城,中牟,中牟中牟城区商都大道,满二年,7033
293,华瑞紫韵城丽园,中原,中原常西湖建设西路,车位充足,10770
294,鑫苑鑫家(2期),二七,二七大学南路百禄街19号,南北,8555
295,和昌悦澜北苑,金水,金水花园路宏康路66号,满二年,14765
296,美景芳华,经开,"经开区远大理想城经开第三大街,近南三环",车位充足,7548
297,中方园东区,金水,金水北环路北三环路62号,南,8034
298,紫檀华都,金水,金水天明路天明路77号,有电梯,15082
299,金水世纪城,中原,中原秦岭路金水西路126号,近地铁,12717
300,康桥玥棠,二七,二七连云路南屏路,南北,13454
301,正商百合里,中原,中原五龙口濮河路7号,热门小区,12367
302,文化绿城,金水,金水中医院丰庆路4号,配套成熟,13033
303,正商汇航佳苑,管城,"管城管城周边航海东路,近东三环",房东急售,14405
304,华林都市家园,金水,金水南阳路南阳路242号,南,11842
305,亚新美好人家,二七,二七嵩山路淮南街22号,满五年,13132
306,绿地澜庭(一期),经开,经开区滨河新区经开第十八大街,南北,12149
307,雅居乐国际花园(东苑),郑东,郑东新区郑东新区周边象湖南路,满五年,16632
308,格林度假山庄(北区),经开,经开区第八大街航海东路1369号,绿化率高,13883
309,升龙天汇3号院,中原,中原五龙口桐柏北路,南,11230
310,正商智慧城博园,新郑,新郑龙湖沙窝李正商大道,唯一住房,7352
311,星联湾,郑东,郑东新区郑东新区周边象辰路88号,次新房,11305
312,金色港湾,管城,管城管南片港湾路1号,南北,10486
313,金林公馆(北区),金水,金水玉凤路燕庄一街62号,满五年,17210
314,绿都紫荆华庭脉动,管城,"管城管城周边南三环,近紫荆山南路",近地铁,5953
315,瀚宇天悦(二期),金水,金水索凌路丰庆路118号,南北,19677
316,富田兴龙湾,新郑,"新郑龙湖阳光大道郑新路,近泰山路",满五年,7970
317,美盛教育港湾(一期),金水,金水丰庆路国基路83附16号,近地铁,18827
318,亚新美好城邦,金水,金水农业路农业路172号,南,16328
319,鸿园梧桐苑,郑东,郑东新区郑东新区周边鸿苑路66号,满二年,30372
320,和昌都汇广场,上街,上街济源路济源路86号,车位充足,4575
321,金锣湾鸿福园,管城,管城二里岗玉城街39号,南,16690
322,锦绣山河玉畅园,二七,二七嵩山南路庆泰路56号,满二年,12628
323,正商美誉铭筑,管城,"管城管城周边新州路,近郑新路",绿化率高,7000
324,金阳光居易,金水,金水天明路天明路72号,南,10967
325,远大理想城,经开,经开区远大理想城经北二路66号,满五年,10741
326,碧桂园西湖二号院,高新,高新区瑞达路南一街,近地铁,13747
327,幸福滨水家园(北院),经开,经开区滨河新区腾达路6号,南北,14383
328,正商幸福港湾D区,管城,管城二里岗城东路,满五年,12057
329,亚星盛世星苑,二七,二七长江路嵩山南路262号,南北,11376
330,正商汇航雅园,管城,管城管城周边第十六大街3号,满二年,12932
331,正商明钻二期,中原,中原五龙口电厂路19号,次新房,10405
332,财信圣堤亚纳,郑东,郑东新区黄河东路商都路21号,南北,19319
333,恒大绿洲(二期),经开,经开区第八大街经开第六大街73号,满二年,13949
334,碧水名苑,中牟,中牟中牟城区人文路,车位充足,6032
335,信保春风十里,经开,"经开区滨河新区华夏大道,近经南十二路",南北,12383
336,康桥溪山御府,二七,二七嵩山路嵩山南路138号,满五年,18852
337,绿云小区白雪里,二七,二七淮河路兴华南街,近地铁,16985
338,融创城开珑府2号院,惠济,"惠济北大学城金河路,近滨河路",绿化率高,14118
339,正商蔚蓝港湾,二七,二七嵩山路工人路413号,南北,12410
340,金锣湾万福园,管城,管城南关众诚街35号,满五年,13530
341,星联湾,郑东,郑东新区郑东新区周边象辰路88号,近地铁,10828
342,正商新蓝钻E区,管城,管城航海东路果园路35号,南,13638
343,碧源月湖和园,惠济,惠济大河路开元路,新上小区,13059
344,升龙凤凰城(A区),金水,金水玉凤路郑汴路127号,房东急售,12538
345,阳光嘉苑,金水,金水国基路国基路99号,随时可看,7576
346,国瑞城爵仕苑,新郑,"新郑龙湖沙窝李滨湖路,近祥云路",南,6061
347,康桥金域上郡5号院,二七,二七大学路汝河路26号,满二年,14862
348,银基王朝(三期),金水,金水曼哈顿福元路,车位充足,15448
349,江山书香名邸,二七,二七长江路长江中路108号,南北,11984
350,中凯华府,郑东,郑东新区通泰路金水东路9号,热门小区,21458
351,奥兰和园,管城,管城城东路城东南路,近地铁,15526
352,中原新城学府一号,中原,中原林山寨工人路23号,配套成熟,22820
353,龙泊桂园,新郑,"新郑龙湖阳光大道祥安路,近紫荆山南路",南北,5170
354,中亨文华苑,金水,金水花园路经七路15号,满二年,11556
355,正商智慧城博园,新郑,新郑龙湖沙窝李正商大道,近地铁,8363
356,美景美境(一期),金水,金水国基路国基路,车位充足,14581
357,丰源官邸,金水,金水未来路商城路9号,南,12796
358,康桥铂舍,金水,金水南阳路南阳路,满二年,6878
359,正商颖河港湾,中原,中原秦岭路颖河路76号,近地铁,10809
0,恒大绿洲(四期),经开,"经开区第八大街经开第七大街,近经南五路",南北,16965
1,中鼎翡翠晶典,管城,管城管南片航海东路36号,满五年,12059
2,橡树玫瑰城(南区),管城,管城安徐庄中州大道1188号,近地铁,10077
3,瀚宇天悦(1期),金水,金水文化路文化北路106号,南,15618
4,金水世纪城,中原,中原秦岭路金水西路126号,满五年,13914
5,正商汇航铭筑,管城,管城管城周边航海东路,近地铁,6355
6,富田太阳城(二期),管城,管城富田太阳城明月路52号,南,10392
7,翰林国际城桃李园,高新,高新区莲花街金梭路209号,满五年,12135
8,居易国际城(HA区),新郑,新郑龙湖华南城祥安路,近地铁,5257
9,美盛教育港湾(一期),金水,金水丰庆路国基路83附16号,南北,19236
10,绿都澜湾枫园,管城,管城管南片紫荆山南路,满五年,13377
11,永威城澜溪庭,管城,管城管南片宇通路,南北,13009
12,正商城和园1号院,二七,二七碧云路祥云路5号,满五年,11461
13,万科城湖心岛,中原,"中原中原周边科学大道,近红松路",车位充足,14450
14,正商城和园5号院,二七,二七碧云路祥云路29号,南北,11636
15,升龙又一城(2期),高新,高新区科学大道科学大道89号,满五年,10791
16,亚太明珠,经开,经开区远大理想城朝凤路78号,次新房,11920
17,康桥上城品,中原,中原陇海西路陇海西路306号,多人关注,12529
18,融创美盛象湖壹号二期,郑东,郑东新区郑东新区周边润泽路27号,南北,12321
19,威尼斯水城(三期西区),中原,中原五龙口桐柏北路100号,满五年,10935
20,万科城雅梅苑,高新,高新区科学大道创新大道,近地铁,11337
21,朗悦公园道1号玺园,高新,高新区科学大道枫杨街,南,17242
22,广电天韵,郑东,郑东新区龙子湖晨晖路1号,满五年,22593
23,七里香堤,管城,管城安徐庄紫东路156号,近地铁,13134
24,瑞隆城,金水,金水大石桥沙口路165号,南,12291
25,远大理想城,经开,经开区远大理想城经北二路66号,满五年,15749
26,富田丽景花园,金水,金水南阳路南阳路226号,车位充足,10650
27,天一建苑小区,郑东,郑东新区郑东新区周边象湖南路98号,南,10978
28,亚星盛世郦都,二七,二七嵩山路郑密路126号,有电梯,10715
29,文雅新世界(一期),金水,金水绿荫广场博颂路,近地铁,13914
30,鑫苑景园,二七,二七河医片合作路1号,车位充足,12834
31,龙湖上公馆,新郑,"新郑龙湖沙窝李祥和路,近滨湖路",西北,5941
32,华林都市家园,金水,金水南阳路南阳路242号,满二年,10226
33,通和明镜台,中原,"中原五龙口电厂路,近曙光路",近地铁,10152
34,民安北郡(三期),惠济,惠济大河路清华园路145号,次新房,12697
35,橡树玫瑰城(南区),管城,管城安徐庄中州大道1188号,南北,11086
36,瀚海海尚,金水,金水东风路东风路142号,满二年,9556
37,万科天伦紫台紫澜苑,惠济,"惠济北大学城大河路,近文化北路",南,15007
38,亚新美好城邦,金水,金水农业路农业路172号,满五年,18922
39,中原新城公园一号,中原,中原汝河路汝河路92号,近地铁,12440
40,瀚宇新城,金水,金水索凌路龙门路,南北,11055
41,泰宏建业国际城21号院,二七,二七嵩山路嵩山南路,南北,12778
42,东亚京尊(东苑),管城,"管城安徐庄通站路,近紫东路",满五年,6471
43,升龙凤凰城(A区),金水,金水玉凤路郑汴路127号,近地铁,11091
44,亚星望江居,二七,二七南三环环翠路140号,南,10250
45,长江一号(二期),二七,二七京广路京广快速路,满五年,13618
46,正弘蓝堡湾世熙(南区),金水,金水文博广场科源路,近地铁,22109
47,碧桂园龙城花园里,荥阳,荥阳荥阳城区索河路,车位充足,7188
48,盛润锦绣城,中原,中原碧沙岗棉纺西路18号,南,15854
49,中原新城学府一号,中原,中原林山寨工人路23号,满五年,24591
50,富田九鼎世家,经开,经开区第三大街经开第五大街88号,近地铁,16517
51,招商天地华府,二七,二七嵩山路嵩山南路,南北,10574
52,正商东方港湾,郑东,郑东新区新东站片康平路9号,满五年,18536
53,金桂苑(金水),金水,金水博颂路博颂路36号,南,11260
54,迎宾路3号,惠济,惠济大河路迎宾路3号,满二年,15984
55,绿云小区阳春里,二七,二七淮南街淮南街16号,次新房,9869
56,绿都澜湾樾园,管城,"管城管南片花溪东路,近霞飞路",南北,13963
57,正商东方港湾,郑东,郑东新区新东站片康平路9号,满五年,17587
58,中鼎花园,金水,金水国基路文化北路36号,南,10296
59,康桥溪棠,新郑,新郑龙湖双湖大道祥安路,满二年,7262
60,惠众西城一品,中原,中原秦岭路秦岭路19号,南北,12869
61,正弘臻筑,郑东,"郑东新区北龙湖龙腾二街,近龙湖内环南路",满五年,70605
62,正商世纪港湾,金水,金水丰庆路丰庆路65号,近地铁,11924
63,恒大绿洲(三期),经开,经开区第三大街经开第七大街58号,绿化率高,14319
64,商城路3号院(公寓住宅),金水,金水英协路商城东路3号,南,12872
65,正商城福苑,二七,二七长江路长江东路8号,热门小区,15292
66,文化绿城,金水,金水中医院丰庆路4号,满五,12161
67,金沙湖高尔夫观邸(北区),经开,经开区第三大街经南八路,南,12922
68,华润城市知音,惠济,惠济刘寨博颂路50号,满五年,9319
69,正弘数码公寓,金水,金水文博广场文博西路25号,近地铁,16891
70,郑州国瑞静香园,金水,金水三全路三全路,南,9532
71,凯田花园,中原,中原淮河西路秦岭路238号,满五年,10874
72,文雅新世界(一期),金水,金水绿荫广场博颂路,近地铁,12326
73,普罗旺世波特兰,金水,金水国基路宏达街88号,南北,15127
74,正商华钻澜庭2号院,管城,管城安徐庄紫辰路,有电梯,12922
75,锦艺金水湾观臻苑,金水,金水索凌路文化北路,近地铁,17724
76,正商中州城百合园,管城,管城安徐庄青山路,南,9901
77,正商蓝海港湾百合湾,管城,管城二里岗金城街27号,满五年,14394
78,中方园西区,金水,金水丰庆路北环路116号,近地铁,11414
79,龙居兰亭,中原,中原五龙口冉屯东路,次新房,9714
80,正弘春晓,金水,金水绿荫广场索凌路8号,南北,8473
81,恒大绿洲(二期),经开,经开区第八大街经开第六大街73号,满五年,17304
82,正商华钻澜庭2号院,管城,管城安徐庄紫辰路,绿化率高,12529
83,新芒果春天,高新,高新区科学大道长椿路16号,南,9730
84,长江一号(一期),二七,二七长江路长江东路,满五年,12496
85,郑地新港华苑,管城,"管城紫荆山路航海东路,近众城街",车位充足,13949
86,华瑞紫韵城福园,中原,中原中原西路顺昌路126号,南北,10373
87,中联创橄榄城伍号院,二七,二七连云路连云路128号,满五年,11815
88,宏鑫花园,二七,二七嵩山路兴华南街169号,近地铁,10211
89,盛世卧龙城北院,中原,中原帝湖华山路28号,东北,11486
90,橄榄城润泽园,二七,二七连云路贺江路151号,满五年,14585
91,龙湖锦艺城,新郑,新郑龙湖华南城双湖东道2号,近地铁,7960
92,中鼎花园,金水,金水国基路文化北路36号,南,10493
93,龙湖景粼玖序,高新,高新区科学大道春藤路5号,满五年,20581
94,恒大绿洲(二期),经开,经开区第八大街经开第六大街73号,近地铁,14576
95,美景芳华,经开,"经开区远大理想城经开第三大街,近南三环",南北,6977
96,格林度假山庄(南区),经开,经开区第八大街经南二路29号,满五年,11291
97,建业贰号城邦,金水,金水水上公园农业路22号,近地铁,20787
98,富田九鼎世家,经开,经开区第三大街经开第五大街88号,西,16301
99,华润置地新时代广场,郑东,"郑东新区新东站片商鼎路,近嘉园路",满五年,9045
100,海马公园(C区),郑东,郑东新区新东站片普惠路39号,近地铁,27673
101,水榭华城,新郑,新郑龙湖华南城双湖大道东段77号,南,6819
102,假日蓝湾,金水,金水东风路中方园路9号,满五年,12004
103,中建滨水苑,航空,"航空港北港滨河西路,近归航路",近地铁,8158
104,紫檀华都,金水,金水天明路天明路77号,南,12520
105,亚新美好人家,二七,二七嵩山路淮南街22号,满五年,15321
106,文博花园,金水,金水文博广场文博东路1号,南,25154
107,绿地澜庭(一期),经开,经开区滨河新区经开第十八大街,满二年,12055
108,坤达祥龙城,新郑,新郑龙湖沙窝李祥云路89号,南北,7191
109,国龙绿城怡园(1期),郑东,郑东新区东风南路心怡路,满二年,18129
110,正商汇航铭筑,管城,管城管城周边航海东路,多人关注,6805
111,圣菲城(南区),金水,金水花园路鑫苑西路6号,东南,16474
112,长兴苑,惠济,惠济思念果岭西山路99号,满五年,6501
113,东润城(三期裕园),郑东,郑东新区郑东新区周边原圃路30号,近地铁,10345
114,金沙湖高尔夫观邸(北区),经开,经开区第三大街经南八路,车位充足,12697
115,雅阁思达,金水,金水大石桥二环支路11号,南,11459
116,正商世纪港湾,金水,金水丰庆路丰庆路65号,满五年,11703
117,防疫路商务厅家属院,金水,金水大石桥防疫路1号,车位充足,18887
118,锦绣山河玉畅园,二七,二七嵩山南路庆泰路56号,南,12142
119,华瑞紫金嘉苑,金水,"金水三全路丰庆路,近金冠路",满五年,14977
120,金沙湖高尔夫观邸(北区),经开,经开区第三大街经南八路,南北,12585
121,康桥铂舍,金水,金水南阳路南阳路,满五年,7689
122,盛澳金尊府,管城,"管城管南片腾飞路,近尚庄路",车位充足,16601
123,金印阳光城,金水,"金水国基路宏明路,近柳西路",南北,10259
124,基正唐宁1號,新郑,新郑龙湖阳光大道新郑快速通道,满五年,7165
125,亚星盛世雅居,二七,二七长江路长江中路127号,近地铁,13827
126,和昌珑悦,惠济,惠济刘寨丰华路,次新房,7362
127,宽视界,新郑,新郑龙湖华南城双湖大道东路36号,南北,4839
128,宏远小区,金水,金水文化路红专路103号,唯一住房,7103
129,金沙湖高尔夫观邸(北区),经开,经开区第三大街经南八路,近地铁,12216
130,康桥九溪天悦,高新,高新区科学大道庄王路19号,次新房,10195
131,汉飞金沙国际,金水,金水沙口路沙口路1号,南,12545
132,光明索河湾一期,荥阳,荥阳荥阳城区兴华路88号,满五年,5044
133,美盛教育港湾(一期),金水,金水丰庆路国基路83附16号,近地铁,20225
134,长江一号(二期),二七,二七京广路京广快速路,南,13026
135,康桥玥棠,二七,二七连云路南屏路,满五年,12726
136,郑州国瑞静香园,金水,金水三全路三全路,东南,10231
137,鑫苑世家,金水,金水文博广场农科路9号,满五年,21687
138,亚星环翠居,二七,"二七航海路嵩山南路,近黄岗寺路",近地铁,12377
139,华林都市家园,金水,金水南阳路南阳路242号,南北,12084
140,富田兴和湾,新郑,"新郑龙湖沙窝李紫荆山南路,近郑州绕城高速",满二年,7714
141,万科天伦紫台紫澜苑,惠济,"惠济北大学城大河路,近文化北路",近地铁,12250
142,阳光嘉苑,金水,金水国基路国基路99号,次新房,10356
143,龙跃花园,二七,二七政通路政通路49号,南北,10080
144,万科荣成兰乔圣菲(别墅),中牟,中牟中牟城区广惠街,热门小区,22414
145,普罗旺世二期罗曼维森,金水,金水索凌路国基路168号,近地铁,13404
146,谦祥万和城B区,高新,高新区科学大道长椿路216号,价格优惠,10670
147,康桥溪棠,新郑,新郑龙湖双湖大道祥安路,南北,6960
148,郑地新港华苑,管城,"管城紫荆山路航海东路,近众城街",满五年,16270
149,永威枫香庭西院,管城,管城安徐庄郑新路,近地铁,13964
150,长城康桥花园,管城,管城商代遗址郑汴路39号,南北,14926
151,远大理想城,经开,经开区远大理想城经北二路66号,满五年,13835
152,正商家河家华庭一号院,惠济,"惠济大河路开元路,近江山路",车位充足,13525
153,聚福园2期,金水,金水索凌路宏泰路55号,南,10605
154,华瑞紫韵城丽园,中原,中原常西湖建设西路,满二年,11568
155,永威观澜庭,管城,管城管南片宇通路,绿化率高,13114
156,梧桐新语,中原,中原五龙口冉屯路,南北,11411
157,康桥美棠,二七,二七连云路南屏路,满五年,12329
158,亚星盛世星苑,二七,二七长江路嵩山南路262号,近地铁,12002
159,金沙湖高尔夫观邸(北区),经开,经开区第三大街经南八路,南,12360
160,瀚海晴洲,金水,金水国基路国基路,满五年,10607
161,幸福滨水家园(南院),经开,经开区滨河新区腾达路9号,次新房,15019
162,亚星城市山水,二七,二七嵩山路长江中路129号,南,11574
163,泰宏建业国际城16号院,二七,二七大学路金沙江路222号,唯一住房,11690
164,万科城紫兰苑,高新,高新区科学大道须水河东路133号,近地铁,10260
165,万科城秋棠苑,高新,"高新区科学大道科学大道,近三叶路",车位充足,19139
166,帝苑学府,高新,高新区科学大道樱花街5号,南北,17529
167,绿城黄河锦园,金水,金水水上公园黄河路85号,满二年,13096
168,永威南樾瑞苑,航空,航空港北港桥航路74号,近地铁,8989
169,曼哈顿广场,金水,"金水曼哈顿金水路288号,金水路305号",车位充足,12214
170,华林都市家园,金水,金水南阳路南阳路242号,南,14925
171,瑞隆城,金水,金水大石桥沙口路165号,满五年,12567
172,美景鸿城(三期鸿福),管城,管城航海东路腾飞路4号,次新房,13390
173,阳光城9号院,管城,管城安徐庄南台路49号,南,15552
174,橡树玫瑰城(南区),管城,管城安徐庄中州大道1188号,满五年,11124
175,海马公园66公社,郑东,"郑东新区新东站片福禄东路,近普惠路",近地铁,19157
176,永丰乐城公园里,新郑,新郑龙湖沙窝李紫荆山南路,南北,6552
177,和昌盛世城邦润园,航空,航空港南港乔松街106号,满五年,6507
178,建业森林半岛(金水),金水,"金水中医院东风路,近天明路",近地铁,15468
179,正商花语里,中原,中原五龙口濮河路6号,南,15689
180,美景美境(一期),金水,金水国基路国基路,南北,17519
181,融创美盛象湖壹号(1期),郑东,"郑东新区郑东新区周边凤栖街,近润泽路",满二年,11499
182,亚星盛世家园,二七,二七兴华南街长江中路128号,近地铁,10900
183,长城康桥花园,管城,管城商代遗址郑汴路39号,车位充足,14159
184,中鼎花园,金水,金水国基路文化北路36号,南北,10645
185,金成时代广场,金水,金水黄河路姚砦路133号,满二年,14133
186,泰宏阳光和苑,郑东,郑东新区龙子湖薛岗街51号,次新房,19881
187,郑州市土地局家属院,金水,金水经三路经一路北26号,南北,11030
188,恒大绿洲(一期),经开,经开区第八大街经开第八大街76号,近地铁,17409
189,龙鑫苑,郑东,郑东新区兴荣街通泰路41号,绿化率高,15749
190,美景天城,管城,管城富田太阳城石化路69号,多人关注,11442
191,未来城(管城),管城,管城商代遗址商城东路10号,南北,13882
192,五建新街坊5号院,中原,中原郑上路小学建设西路108附6号,满五年,14555
193,建业花园里海棠苑,惠济,惠济北大学城开元路,近地铁,14331
194,正商智慧城雅园,新郑,新郑龙湖沙窝李滨湖路,南北,10433
195,华林都市家园,金水,金水南阳路南阳路242号,满五年,14982
196,帝湖花园莱茵东郡,中原,中原帝湖桐柏南路98号,近地铁,23946
197,和昌珑悦,惠济,惠济刘寨丰华路,多人关注,7778
198,绿洲云顶,金水,金水经三路晨旭路5号,东,12704
199,海悦雅居,二七,二七大学路郑航街21号,满五年,11482
200,华瑞紫金嘉苑,金水,"金水三全路丰庆路,近金冠路",近地铁,13500
201,普罗旺世波特兰,金水,金水国基路宏达街88号,多人关注,15175
202,汉飞城市公园(东区),金水,金水花园路宏明路,南,10958
203,城开绿城绿园(二期),中原,"中原桐柏路五龙口南路,近桐柏北路",满二年,10716
204,郑州国瑞静香园,金水,金水三全路三全路,车位充足,11468
205,居易国际城(HA区),新郑,新郑龙湖华南城祥安路,南北,5000
206,鑫苑鑫家(1期),二七,"二七大学南路大学南路,近南四环",满五年,8608
207,裕华第九城市,惠济,惠济省体育中心三全路21号,近地铁,11064
208,阳光城檀悦,经开,经开区远大理想城航海东路,南,18520
209,长江一号(二期),二七,二七京广路京广快速路,满五年,14337
210,绿洲云顶,金水,金水经三路晨旭路5号,近地铁,11804
211,农业厅家属院(农业路),金水,金水水上公园农业路27号,南,12279
212,荣邦城,高新,高新区科学大道牡丹路38号,满五年,10759
213,亚太明珠,经开,经开区远大理想城朝凤路78号,近地铁,12720
214,中方园西区,金水,金水丰庆路北环路116号,车位充足,10870
215,五建新街坊3号院,中原,中原郑上路小学建设西路,南北,12062
216,国龙绿城怡园(1期),郑东,郑东新区东风南路心怡路,满五年,17342
217,远大理想城,经开,经开区远大理想城经北二路66号,近地铁,14995
218,正商明钻一期,中原,中原五龙口电厂路19号,南,12201
219,原田花园,金水,金水科技市场文化路65号附1号,满五年,21778
220,万华城华府,高新,高新区科学大道郁香路37号,近地铁,14286
221,升龙又一城(1号院),高新,"高新区科学大道科学大道,近长椿路",南北,13000
222,伟业栖岸,金水,金水燕庄福元路3号,满五年,12407
223,正商园田花园,金水,金水丰庆路丰庆路63号,近地铁,10372
224,正商智慧城睿园,新郑,新郑龙湖沙窝李郑新快速路,次新房,11583
225,工会干校家属院,金水,金水文化路经七路,南北,12550
226,金水公安分局家属院(文劳路),金水,金水中医院文劳路9号,满二年,10570
227,阳光馥园,高新,高新区科学大道桂花西街3号,次新房,15131
228,富田太阳城(二期),管城,管城富田太阳城明月路52号,南北,10371
229,伟业龙湖上城,金水,金水金水周边杨金路,满二年,13273
230,美景鸿城(三期鸿福),管城,管城航海东路腾飞路4号,南北,13907
231,珠江荣景南苑,惠济,"惠济省体育中心江山路,近天河路",满五年,7203
232,卧龙新村,中原,中原汝河路华山路85号,近地铁,7836
233,升龙城8号院,二七,二七嵩山路航海中路106号,南北,12263
234,万科城雅梅苑,高新,高新区科学大道创新大道,满五年,10861
235,阳光城8号院,管城,"管城航海东路长江东路,近尚庄路",近地铁,21177
236,和昌珑悦,惠济,惠济刘寨丰华路,南北,7273
237,汉飞城市公园(东区),金水,金水花园路宏明路,满五年,10646
238,裕华满园,高新,高新区科学大道莲花街,近地铁,12519
239,同汇花园,中原,中原常西湖建设西路,次新房,7304
0,同汇花园,中原,中原常西湖建设西路,南,7304
1,正商金域世家,中原,中原桐柏路金水西路106号,满五年,13771
2,中鼎花园,金水,金水国基路文化北路36号,近地铁,10036
3,保利永威西溪花园,高新,高新区科学大道白杨路12号,南北,15357
4,金科城(一期北院),高新,高新区科学大道月桂路21号,满五年,18704
5,和昌花漾里,惠济,"惠济刘寨南阳路,近博颂路",近地铁,15689
6,中鼎花园,金水,金水国基路文化北路36号,次新房,10785
7,威尼斯水城(三期西区),中原,中原五龙口桐柏北路100号,南,10905
8,长江一号(二期),二七,二七京广路京广快速路,满五年,13484
9,绿都云立方,二七,"二七万达广场大学南路,近双铁路",近地铁,6000
10,正商华钻湾景1号院,管城,管城二里岗豫英路107号,南北,15692
11,美盛教育港湾(一期),金水,金水丰庆路国基路83附16号,满五年,19513
12,嘉辰丽景苑,金水,金水广电南路广电南路26号,南,17389
13,正商新蓝钻A区,管城,管城航海东路航海东路70号,满二年,14462
14,正商玉兰谷达园,惠济,惠济邙山片绿源路6号,车位充足,10000
15,建业运河上院,惠济,惠济大河路清济街8号,南北,10282
16,黄河建工集团家属院,金水,金水国基路花园北路62号,满二年,11021
17,佳润滨河家园,郑东,郑东新区郑东新区周边凤栖街,近地铁,11852
18,文雅新世界(二期),金水,金水绿荫广场博颂路34号,车位充足,11683
19,锦绣江南,二七,二七兴华南街兴华南街99号,南,11291
20,万科城雅梅苑,高新,高新区科学大道创新大道,满五年,10857
21,龙跃家园,二七,二七嵩山路交通路15号,近地铁,15303
22,富田太阳城(二期),管城,管城富田太阳城明月路52号,南北,10000
23,翰林国际城桃李园,高新,高新区莲花街金梭路209号,满五年,11640
24,正商华钻澜庭1号院,管城,管城安徐庄紫辰路75号,南北,13743
25,谦祥万和城B区,高新,高新区科学大道长椿路216号,满二年,12671
26,鑫苑现代城,二七,二七京广路庆丰街17号,近地铁,18785
27,文雅青年公寓,高新,高新区瑞达路瑞达路97号,车位充足,13637
28,中鼎花园,金水,金水国基路文化北路36号,南,10258
29,华瑞紫金嘉苑,金水,"金水三全路丰庆路,近金冠路",满二年,15720
30,帝苑学府,高新,高新区科学大道樱花街5号,次新房,17942
31,阳光城5号院,管城,管城安徐庄尚德路6号,多人关注,13044
32,和昌悦澜北苑,金水,金水花园路宏康路66号,南北,13616
33,亚星盛世郦都,二七,二七嵩山路郑密路126号,满二年,11106
34,中原新城王府小区(东区),中原,中原凯旋门前进路81号,南北,10702
35,升龙城2号院,二七,"二七升龙国际兴华南街,政通路",满二年,13797
36,美景鸿城(三期鸿福),管城,管城航海东路腾飞路4号,近地铁,11186
37,锦艺金水湾观澜苑,金水,金水文化路贾鲁河南路69号,车位充足,14054
38,开祥御龙城,金水,金水东风路天明路82号,南北,12958
39,科新苑A区,金水,金水东风路东风路,满五年,22889
40,郑州碧桂园二期湖光山色,荥阳,荥阳洞林湖环城南路,近地铁,10579
41,新合鑫观悦锦苑,高新,高新区科学大道西四环310号,车位充足,10547
42,万科天伦紫台紫澜苑,惠济,"惠济北大学城大河路,近文化北路",南北,25782
43,永威书香庭,管城,管城管南片市场街89号,满五年,13327
44,金源城上城,中原,中原三官庙建设西路,近地铁,10640
45,正商城和园3号院,二七,二七碧云路祥云路,南,13111
46,康桥金域上郡2号院,二七,二七大学路勤劳路5号,满二年,17709
47,锦艺金水湾观源苑,金水,金水三全路贾鲁河北路36号,南北,15448
48,正弘数码公寓,金水,金水文博广场文博西路25号,满二年,18696
49,阳光花苑,中原,中原中原西路中原西路169号,车位充足,12097
50,长江一号(二期),二七,二七京广路京广快速路,南北,14249
51,富田丽景花园,金水,金水南阳路南阳路226号,满五年,12596
52,绿都云立方,二七,"二七万达广场大学南路,近双铁路",近地铁,6046
53,建业运河上院,惠济,惠济大河路清济街8号,南北,9856
54,东原阅城一期,高新,高新区科学大道秋棠路7号,满二年,12885
55,正商幸福港湾A区,管城,管城管南片城东南路37号,次新房,9737
56,帝苑学府,高新,高新区科学大道樱花街5号,南,17742
57,安泰金苑,金水,金水三全路三全路86号,满五年,9594
58,任砦北街6号院,金水,金水大石桥任砦北街6号,近地铁,8766
59,泰宏建业国际城16号院,二七,二七大学路金沙江路222号,南北,10880
60,融创御湖宸院(1期),中原,中原帝湖桐柏路,南北,17257
61,正弘蓝堡湾世熙(北区),金水,金水文博广场东风路14附2号,满二年,21915
62,阳光城8号院,管城,"管城航海东路长江东路,近尚庄路",近地铁,15665
63,海珀兰轩,经开,经开区第三大街经开第一大街5号,车位充足,14513
64,正商新蓝钻A区,管城,管城航海东路航海东路70号,南,14166
65,金色港湾,管城,管城管南片港湾路1号,满五年,9358
66,绿都云立方,二七,"二七万达广场大学南路,近双铁路",近地铁,6000
67,康桥金域上郡3号院,二七,二七大学路汝河路28号,车位充足,17980
68,升龙凤凰城(A区),金水,金水玉凤路郑汴路127号,南北,11137
69,橡树玫瑰城(南区),管城,管城安徐庄中州大道1188号,满二年,13242
70,美景天城,管城,管城富田太阳城石化路69号,近地铁,9454
71,绿地璀璨天城,惠济,惠济江山路江山路30号,南,11143
72,梧桐新语,中原,中原五龙口冉屯路,满五年,12586
73,祝福红城三号院(四期),高新,高新区科学大道药厂街81号,车位充足,13275
74,美景鸿城(一期鸿韵),管城,管城管南片腾飞路1号,南北,13415
75,建业城市花园,金水,金水燕庄建业路88号,满五年,11784
76,帝湖花园东王府,中原,中原帝湖桐柏南路98号,近地铁,10699
77,富田兴龙湾,新郑,"新郑龙湖阳光大道郑新路,近泰山路",南北,7276
78,清华紫光园,金水,金水丰庆路国基路89号,满五年,9131
79,祝福红城(二期),高新,高新区科学大道碧桃路109号,近地铁,10562
80,锦艺金水湾观臻苑,金水,金水索凌路文化北路,绿化率高,15715
81,锦绣家苑(东苑),郑东,郑东新区郑东新区周边恒通路,南,5529
82,星联湾,郑东,郑东新区郑东新区周边象辰路88号,近地铁,11036
83,大正水晶森林1期,中原,中原中原周边须水河东路31号,新上小区,12034
84,建业森林半岛(金水),金水,"金水中医院东风路,近天明路",随时可看,19073
85,正弘澜庭叙B区,惠济,惠济英才街豫泰路17号,南北,17130
86,万锦嘉园,经开,经开区第三大街经北一路65号,近地铁,14960
87,中原新城学府一号,中原,中原林山寨工人路23号,南北,30722
88,正商中州城百合园,管城,管城安徐庄青山路,满五年,11774
89,四月天小区,金水,金水国基路国基路102号,近地铁,12358
90,和昌林与城,惠济,惠济北大学城承泽街6号,南北,9558
91,绿都澜湾枫园,管城,管城管南片紫荆山南路,房东诚售,15387
92,和昌悦澜南苑,金水,金水花园路宏康路67号,满五年,15122
93,普罗旺世二期罗曼维森,金水,金水索凌路国基路168号,近地铁,18114
94,东润城(二期璟园),郑东,郑东新区郑东新区周边原圃路29号,南北,9391
95,富田太阳城(三期),管城,管城世纪欢乐园映月路,满五年,7308
96,明天花园,金水,金水博颂路博颂路37号,近地铁,13077
97,富田丽景花园,金水,金水南阳路南阳路226号,南北,11543
98,东润泰和,金水,"金水中医院文劳路,近信息学院路",满二年,24228
99,富田太阳城(二期),管城,管城富田太阳城明月路52号,近地铁,9459
100,融信奥体世纪1期,中原,中原中原周边西四环,车位充足,13789
101,正商经开广场,经开,"经开区第八大街航海东路,近经开第九大街",南北,8095
102,亚星盛世家园,二七,二七兴华南街长江中路128号,满五年,14427
103,恒大绿洲(二期),经开,经开区第八大街经开第六大街73号,车位充足,14766
104,中信嘉苑,郑东,郑东新区天赋路天时路9路,南北,17500
105,瀚宇天悦(二期),金水,金水索凌路丰庆路118号,近地铁,17332
106,安泰新龙小区,金水,金水三全路宏祥路28号,南北,10536
107,郑地新港华苑,管城,"管城紫荆山路航海东路,近众城街",满五年,16193
108,绿城MINI国际,金水,金水金水路黄河路85号,近地铁,11966
109,绿都澜湾樾园,管城,"管城管南片花溪东路,近霞飞路",南北,16020
110,昌建君悦府,二七,"二七华中片南四环,近嵩山路",满五年,10050
111,瀚海晴洲,金水,金水国基路国基路,近地铁,11131
112,阳光城8号院,管城,"管城航海东路长江东路,近尚庄路",南,14801
113,金苑小区(中原),中原,中原帝湖航海路,满五年,10083
114,保利罗兰香谷,中牟,中牟中牟城区凤栖路,近地铁,8262
115,龙腾盛世,郑东,郑东新区黄河南路金水东路11号,南北,23742
116,奥兰花园,郑东,郑东新区新东站片福禄路16号,满五年,22414
117,永威书香庭,管城,管城管南片市场街89号,近地铁,13649
118,翰林国际城桃李园,高新,高新区莲花街金梭路209号,南,13845
119,工银小区,金水,金水东明路东明路北209号,满五年,11218
120,正商新蓝钻A区,管城,管城航海东路航海东路70号,南北,14372
121,郑州国瑞静香园,金水,金水三全路三全路,满二年,10371
122,亚星盛世家园,二七,二七兴华南街长江中路128号,近地铁,13694
123,碧桂园天悦,经开,经开区远大理想城经开第一大街,西南,17090
124,普罗旺世波特兰,金水,金水国基路宏达街88号,满五年,16049
125,康桥知园,管城,管城城东路未来路,近地铁,18035
126,南熙福邸,郑东,郑东新区郑东新区周边大有路23号,南北,12217
127,郑地新港华苑,管城,"管城紫荆山路航海东路,近众城街",满五年,15222
128,万华城郁香苑,高新,高新区科学大道郁香路69号,近地铁,13830
129,七里香堤,管城,管城安徐庄紫东路156号,绿化率高,12609
130,永威书香庭,管城,管城管南片市场街89号,南,13363
131,正商新蓝钻E区,管城,管城航海东路果园路35号,满二年,14921
132,祝福红城(一期),高新,高新区科学大道碧桃路109号,次新房,10170
133,泰宏建业国际城10号院,二七,二七嵩山路绿水路,南北,13235
134,万山府院,二七,二七嵩山路淮河东路38号,满五年,11649
135,瀚宇天悦(二期),金水,金水索凌路丰庆路118号,近地铁,16435
136,华储佳苑,管城,管城世纪欢乐园德凤街20号,南,12829
137,悦府海棠,新郑,新郑龙湖沙窝李文昌路58号,满二年,6827
138,建业花园里海棠苑,惠济,惠济北大学城开元路,近地铁,13830
139,金水世纪城,中原,中原秦岭路金水西路126号,车位充足,15257
140,兴隆臻园,惠济,惠济刘寨粮仓南路22号,南,15318
141,正弘中央公园麓林苑,航空,航空港北港大航路90号,满二年,8661
142,汉飞金沙国际,金水,金水沙口路沙口路1号,次新房,10000
143,金地小区,中原,中原桐柏北路桐柏路,南,8361
144,正商城裕园6号院,二七,二七南三环三峡路,近地铁,14197
145,富田兴龙湾,新郑,"新郑龙湖阳光大道郑新路,近泰山路",南,7427
146,长江一号(二期),二七,二七京广路京广快速路,次新房,13458
147,文化绿城,金水,金水中医院丰庆路4号,东南,13345
148,绿都云立方,二七,"二七万达广场大学南路,近双铁路",满五年,5938
149,康桥原溪里2号院,新郑,新郑龙湖华南城祥安路,近地铁,7081
150,锦绣山河玉晖园,二七,二七二七周边嵩山南路375号,南北,10986
151,升龙城五号院,二七,二七航海路兴华南街,满五年,12390
152,星联湾,郑东,郑东新区郑东新区周边象辰路88号,车位充足,11005
153,润丰锦尚,航空,"航空港北港鄱阳湖路,近长安路",南,7895
154,华逸名家,二七,二七大学路航海中路105号,满五年,10000
155,金林社区大观国际居住区南区,金水,金水玉凤路玉凤路362号,近地铁,14504
156,锦艺金水湾观锦苑,金水,金水索凌路文化路,南,14605
157,70年代尚景小区,中原,中原汝河路伏牛路236-13号,满二年,12562
158,金锣湾鸿福园,管城,管城二里岗玉城街39号,近地铁,15653
159,万科美景龙堂,管城,"管城管南片中州大道,近岔河路",车位充足,16550
160,绿都澜湾梓园,管城,管城管南片紫荆山南路,南北,12481
161,正商林语溪岸6号院,惠济,惠济迎宾路中州大道,满二年,11449
162,河南省化学研究所家属院,金水,金水花园路红专路52号,车位充足,13424
163,永恒亲亲家园,管城,管城管南片未来路859号,南北,11957
164,正商世纪港湾,金水,金水丰庆路丰庆路65号,满五年,13044
165,融创中原壹号院,郑东,"郑东新区北龙湖如意东路,近朝阳路",近地铁,57646
166,风和日丽家园,中原,中原五龙口煤仓北路16号,南,10046
167,帝湖花园西王府,中原,中原帝湖桐柏南路77号,满二年,9038
168,世纪家苑,经开,经开区第三大街经开第二大街,车位充足,8609
169,融创美盛象湖壹号(1期),郑东,"郑东新区郑东新区周边凤栖街,近润泽路",南,11500
170,恒大城牡丹园,高新,"高新区科学大道牡丹路,近连霍高速",满二年,13575
171,裕鸿世界港丽宫,航空,航空港北港郑港六路10号,近地铁,7868
172,同乐社区(南院),金水,金水东风路东风路13号,车位充足,11067
173,昆仑望岳东苑,中原,中原中原西路华山路,南,20968
174,永恒理想公元,金水,金水英协路郑汴路152号,满五年,13342
175,永恒理想公元,金水,金水英协路郑汴路152号,近地铁,13874
176,黄河美邸,惠济,惠济北大学城英才街11号,车位充足,10246
177,阳光城8号院,管城,"管城航海东路长江东路,近尚庄路",南北,20793
178,绿都澜湾枫园,管城,管城管南片紫荆山南路,满二年,16297
179,新嘉苑小区,新郑,新郑龙湖双湖大道梅山路,次新房,4822
180,亚星盛世云水居,二七,二七二七周边嵩山南路,南,11648
181,万科城采薇苑,高新,"高新区科学大道科学大道,近红叶路",满二年,17000
182,东润城(二期璟园),郑东,郑东新区郑东新区周边原圃路29号,车位充足,10247
183,东润城(二期璟园),郑东,郑东新区郑东新区周边原圃路29号,南北,11109
184,有色地质家园(A区),郑东,郑东新区郑东新区周边雁鸣路,满二年,7481
185,融创美盛芳园,郑东,郑东新区郑东新区周边和风街67号,南北,16090
186,保利天汇,管城,"管城航海东路航海东路,近机场高速",满二年,22378
187,湖畔花园,中原,"中原中原周边河阳路,近青梅路",次新房,11901
188,政七街27号院,金水,金水花园路政七街27号,南北,11569
189,东润城(一期臻园),郑东,郑东新区郑东新区周边原圃路39号,满二年,9989
190,永威枫香庭东院,管城,管城安徐庄中州大道,次新房,13285
191,升龙凤凰城(D区),金水,"金水玉凤路玉凤路,近青年路",南北,13408
192,瀚海泰苑,金水,金水陈寨北三环路52号,满二年,14818
193,五龙新城香榭园,中原,中原五龙口漳河路12号,次新房,12346
194,海悦华府,二七,二七大学路沅江路87号,多人关注,10740
195,美景麟起城一号院,惠济,惠济北大学城贾鲁河北路12号,南,15345
196,正商智慧城颖园,新郑,新郑龙湖沙窝李正商大道,满二年,7481
197,德润海悦华庭,二七,二七长江路赣江路163号,多人关注,11934
198,海马公园(A区),郑东,郑东新区新东站片普惠路,南,25325
199,丰源官邸,金水,金水未来路商城路9号,唯一住房,11803
200,鸿园梧桐苑,郑东,郑东新区郑东新区周边鸿苑路66号,近地铁,17323
201,晶华城(1期),中原,中原五龙口洲海路,车位充足,11383
202,泰宏阳光和苑,郑东,郑东新区龙子湖薛岗街51号,南北,19820
203,邙山教委家属院,惠济,惠济刘寨南阳路184号,满二年,6586
204,恒大绿洲(三期),经开,经开区第三大街经开第七大街58号,次新房,21626
205,龙源世纪龙城,管城,管城航海东路石化路9号,南北,13551
206,颍河路194号院,中原,中原碧沙岗颍河路194号,满五年,12996
207,汇泉西悦城2号院,中原,中原陇海西路金田路15号,近地铁,10113
208,坤达祥龙城,新郑,新郑龙湖沙窝李祥云路89号,南北,7182
209,正商中州城百合园,管城,管城安徐庄青山路,满二年,11100
210,万华城悦府,高新,高新区科学大道翠竹街,车位充足,13917
211,天伦水晶城,金水,金水陈寨北三环路56号,南北,10412
212,清华紫光园,金水,金水丰庆路国基路89号,满二年,10089
213,正商恒钻,金水,金水沙口路沙口路8号,次新房,13298
214,金锣湾鸿福园,管城,管城二里岗玉城街39号,南,16130
215,万科城雅梅苑,高新,高新区科学大道创新大道,满五年,10865
216,万科大都会和悦苑,二七,二七连云路南荆路,近地铁,12320
217,融创御湖宸院(1期),中原,中原帝湖桐柏路,南北,20010
218,老街绿地郑东新苑四期,郑东,郑东新区绿地老街天赋路30号,满五年,25000
219,安泰嘉园,金水,金水经三路福彩路5号,近地铁,15403
220,亚星望江居,二七,二七南三环环翠路140号,南,12150
221,曼哈顿广场,金水,"金水曼哈顿金水路288号,金水路305号",满五年,12373
222,绿都东澜岸(一号院),经开,经开区滨河新区金秋路98号,次新房,8692
223,郑地美景东望1期,郑东,郑东新区郑东新区周边明阳街39号,南北,9934
224,同汇花园,中原,中原常西湖建设西路,满二年,7615
225,有色地质家园(B区),郑东,郑东新区商都路雁鸣路,南北,8444
226,豫发大运城蓝山公馆,航空,航空港北港鄱阳湖路,满二年,9357
227,盛澳金尊府,管城,"管城管南片腾飞路,近尚庄路",车位充足,17297
228,碧桂园西湖五号院,高新,高新区瑞达路木香街,南北,13704
229,帝湖花园西王府,中原,中原帝湖桐柏南路77号,满二年,9321
230,华瑞紫韵城锦园,中原,中原郑州市一中建设西路,次新房,11656
231,永恒理想世界,管城,管城二里岗航海东路466号,南北,16729
232,建业运河上院,惠济,惠济大河路清济街8号,满五年,9903
233,中原新城观澜小区工人路186号院,中原,中原帝湖工人路186号,南,13042
234,五龙新城香榭园,中原,中原五龙口漳河路12号,热门小区,13637
235,金水世纪城,中原,中原秦岭路金水西路126号,满五,14009
236,和昌悦澜北苑,金水,金水花园路宏康路66号,价格优惠,15710
237,中原新城学府一号,中原,中原林山寨工人路23号,南北,24194
238,金龙小区(金水),金水,金水农业路农业路东39号,满五年,10561
239,建业城市花园,金水,金水燕庄建业路88号,近地铁,14574
240,富田太阳城(一期),管城,管城富田太阳城映月路51号,南北,15828
241,铁道陇海家园,二七,二七大学路陇海路,满五年,14000
242,广电天韵,郑东,郑东新区龙子湖晨晖路1号,近地铁,22094
243,云尚城樱海园,管城,管城安徐庄众城街,南,15707
244,中铁七局石化路小区,管城,管城世纪欢乐园石化路52号,满五年,12742
245,建业花园里金桂苑,惠济,惠济北大学城香山路32号,南北,12978
246,利海绿洲花园,惠济,"惠济刘寨电厂路,近北三环",满二年,10636
247,亚星盛世家园,二七,二七兴华南街长江中路128号,车位充足,10114
248,田园新城(金水),金水,金水三全路三全路90号,南,11329
249,东原阅城一期,高新,高新区科学大道秋棠路7号,满二年,12580
250,香榭丽苑,中原,中原帝湖工人路318号,近地铁,13021
251,万科天伦紫台紫澜苑,惠济,"惠济北大学城大河路,近文化北路",南北,14172
252,郑纺机前街1号院,金水,金水南阳路纺机前街1号,房东诚售,9978
253,正弘中央公园美林苑,航空,航空港北港太湖路,满二年,8268
254,高新锦华苑小区,高新,高新区科学大道金菊街16号,近地铁,13296
255,普罗旺世塞纳维斯,金水,"金水索凌路国基路,近索凌路",南北,16116
256,星联湾,郑东,郑东新区郑东新区周边象辰路88号,满二年,11003
257,21世纪社区楼中楼,金水,"金水21世纪社区中州大道,近国基路",次新房,15143
258,凯田花园,中原,中原淮河西路秦岭路238号,南北,11199
259,融创城开珑府2号院,惠济,"惠济北大学城金河路,近滨河路",满五年,14757
260,家天下,金水,金水南阳路南阳路96号,南北,11516
261,绿地滨湖国际城七区,二七,二七二七周边新秀路107号,满五年,9286
262,郑州三十四中家属院,金水,金水文化路黄河路9号,近地铁,10691
263,大正水晶森林1期,中原,中原中原周边须水河东路31号,绿化率高,12132
264,正商家河家华庭二号院,惠济,"惠济江山路新城路,近娱乐路",南,12250
265,金色港湾,管城,管城管南片港湾路1号,满五年,12276
266,交通银行家属院(二七),二七,二七河医片勤劳街20号,近地铁,12690
267,绿城明月滨河,管城,"管城管城周边经南十二路,近明理南路",南北,16816
268,鸿园梧桐苑,郑东,郑东新区郑东新区周边鸿苑路66号,满二年,17917
269,绿地滨湖国际城七区,二七,二七二七周边新秀路107号,车位充足,9984
270,碧桂园国控天誉,金水,金水中州大道文雅街9号,南北,17218
271,豫发大运城蓝山公馆,航空,航空港北港鄱阳湖路,满五年,10336
272,呈祥花园,金水,金水国基路三全路,近地铁,8720
273,长城康桥花园,管城,管城商代遗址郑汴路39号,东,15063
274,正商城禧园5号院,二七,二七碧云路长江东路,满五年,23784
275,鑫苑城一号院,管城,管城管南片长江东路,车位充足,12500
276,绿都澜湾枫园,管城,管城管南片紫荆山南路,南北,17543
277,华瑞紫韵城星园,中原,中原中原西路春锦路16号,满五年,10956
278,正商世纪港湾,金水,金水丰庆路丰庆路65号,近地铁,12682
279,裕华文桂园,金水,金水绿荫广场明达路5号,南,13794
280,长江一号(一期),二七,二七长江路长江东路,满二年,13712
281,阳光城2号院,管城,管城安徐庄尚德路9号,近地铁,11250
282,美景花郡,金水,金水花园路花园北路76号,西,9832
283,德丰麦卡伦,新郑,新郑龙湖阳光大道阳光大道,满五年,5826
284,正弘中央公园汀兰苑,航空,"航空港北港太湖路,近凌空街",近地铁,7758
285,瀚宇新城,金水,金水索凌路龙门路,南北,12593
286,五建新街坊3号院,中原,中原郑上路小学建设西路,满二年,13411
287,正商城裕园2号院,二七,二七碧云路通站路,近地铁,14040
288,瀚宇天悦(1期),金水,金水文化路文化北路106号,南北,16603
289,正弘蓝堡湾世熙(南区),金水,金水文博广场科源路,满二年,21732
290,华瑞紫韵城丽园,中原,中原常西湖建设西路,车位充足,12384
291,绿都澜湾榕园,管城,管城管南片青翠南路42号,南北,13914
292,正商家河家华庭一号院,惠济,"惠济大河路开元路,近江山路",满五年,14300
293,康桥金域上郡5号院,二七,二七大学路汝河路26号,近地铁,17103
294,华瑞紫银华庭,中原,"中原石佛镇科学大道,近长春路",南北,12805
295,橄榄城柏林印象,二七,二七连云路碧云路99号,满五年,12205
296,正弘澜庭叙B区,惠济,惠济英才街豫泰路17号,近地铁,15892
297,金茂府,郑东,"郑东新区北龙湖朝阳路,近龙翔二街",南,53183
298,联合雅园,二七,二七大学路南屏路98号,满二年,8091
299,郑州华强城市广场(一二期),中原,中原五龙口电厂路,次新房,12137
0,富邦铭邸(二期),金水,金水中医院博颂路20号,南北,9186
1,工人路42号院,中原,中原碧沙岗工人路42号,满五年,18061
2,聚合聚锦苑,金水,金水玉凤路凤鸣路1号,南北,11186
3,郑地新港华苑,管城,"管城紫荆山路航海东路,近众城街",满二年,16270
4,荷塘月色(东区),管城,管城二里岗紫东路,近地铁,10000
5,中联创橄榄城伍号院,二七,二七连云路连云路128号,南,11685
6,中原新城学府一号,中原,中原林山寨工人路23号,满五年,28118
7,华瑞紫韵城丽园,中原,中原常西湖建设西路,近地铁,11522
8,绿都澜湾枫园,管城,管城管南片紫荆山南路,多人关注,13987
9,朗悦公园道1号玺园,高新,高新区科学大道枫杨街,南北,17529
10,康桥铂舍,金水,金水南阳路南阳路,近地铁,8106
11,金沙湖高尔夫观邸(南区),经开,经开区远大理想城经南八路,次新房,14844
12,正商家河家华庭二号院,惠济,"惠济江山路新城路,近娱乐路",南,12221
13,绿都澜湾梓园,管城,管城管南片紫荆山南路,满二年,14810
14,锦艺金水湾观源苑,金水,金水三全路贾鲁河北路36号,近地铁,14983
15,盛澳金尊府,管城,"管城管南片腾飞路,近尚庄路",南北,16548
16,翰林锦苑(A区),郑东,郑东新区郑东新区周边瑞云路87号,满五年,7817
17,兰溪上苑,郑东,"郑东新区北龙湖朝阳路,近龙翔四街",南,38195
18,豫新公寓,金水,金水政七街农业路东12号,满五年,10280
19,建达百度花园(公寓住宅),经开,经开区第三大街经开第三大街82号,近地铁,11938
20,鑫苑逸品香山(2期北苑),惠济,"惠济北大学城开元路,近银通路",南北,11389
21,经五路36号院,金水,金水花园路经五路36号,房东诚售,20107
22,康桥原溪里1号院,新郑,新郑龙湖华南城祥安路,满二年,7630
23,汇泉西悦城5号院,中原,中原陇海西路金兰路69号,近地铁,10302
24,中原新城观澜小区工人路7号院,中原,中原汝河路工人路7号,南,14301
25,正商美誉铭筑,管城,"管城管城周边新州路,近郑新路",有电梯,6132
26,永威西郡金桂苑,中原,中原中原西路玉轩路45号,近地铁,12720
27,民安北郡(三期),惠济,惠济大河路清华园路145号,次新房,12868
28,康桥九溪郡(一期),新郑,"新郑龙湖华南城祥安路,近郑新快速通道",南北,9535
29,亚星望江居,二七,二七南三环环翠路140号,满二年,12462
30,融创御湖宸院(二期融禧园),中原,中原帝湖桐柏南路,近地铁,14733
31,康桥金域上郡5号院,二七,二七大学路汝河路26号,次新房,16075
32,财信圣堤亚纳,郑东,郑东新区黄河东路商都路21号,南北,17405
33,正商家河家华庭一号院,惠济,"惠济大河路开元路,近江山路",近地铁,13624
34,盛煌燕归园,管城,管城世纪欢乐园货站街185号,价格优惠,8456
35,正弘数码公寓,金水,金水文博广场文博西路25号,随时可看,17830
36,远大理想城,经开,经开区远大理想城经北二路66号,南北,13458
37,瀚宇天悦(二期),金水,金水索凌路丰庆路118号,满五年,18443
38,红专路57号院,金水,金水花园路红专路57号,车位充足,10216
39,70年代尚景小区,中原,中原汝河路伏牛路236-13号,南北,10349
40,金源城上城,中原,中原三官庙建设西路,满二年,10826
41,正弘蓝堡湾三期弘熹臺,金水,金水花园路东风路28号,次新房,21023
42,融创美盛象湖壹号(1期),郑东,"郑东新区郑东新区周边凤栖街,近润泽路",南,11502
43,锦绣山河玉晖园,二七,二七二七周边嵩山南路375号,唯一住房,11594
44,亚星盛世星苑,二七,二七长江路嵩山南路262号,近地铁,12448
45,融创金林金水府,金水,金水未来路福元路389,次新房,18309
46,龙湖天宸原著,新郑,"新郑龙湖双湖大道郑新快速路,近祥和路",南,12227
47,东方现代城北苑,巩义,巩义巩义城区滨河路,满二年,7223
48,正商明钻二期,中原,中原五龙口电厂路19号,车位充足,10109
49,汉飞城市公园(东区),金水,金水花园路宏明路,南,9897
50,加州第一城,经开,经开区第八大街经开第五大街45号,满五年,9371
51,海悦华府,二七,二七大学路沅江路87号,近地铁,10715
52,昌建君悦府,二七,"二七华中片南四环,近嵩山路",次新房,10857
53,世茂云尚天地,管城,管城南关航海东路468号,南北,6286
54,天裕小区,金水,金水中州大道东风路217号,次新房,17586
55,宏光合园,经开,经开区第八大街第七大街99号,南北,12915
56,亚星福邸,上街,"上街中心路丹江路,近金华路",满二年,4587
57,昌建君悦府,二七,"二七华中片南四环,近嵩山路",近地铁,9587
58,大正水晶森林1期,中原,中原中原周边须水河东路31号,车位充足,12097
59,正商家河家华庭二号院,惠济,"惠济江山路新城路,近娱乐路",南北,11667
60,中建滨水苑,航空,"航空港北港滨河西路,近归航路",南北,8174
61,亚星双河居,二七,二七嵩山南路环翠路138号,满五年,11385
62,汇美家园,管城,管城富田太阳城航海路28号,近地铁,8726
63,绿都紫荆华庭佳园,管城,管城安徐庄贺江路39号,车位充足,11749
64,海馨苑,经开,经开区第八大街经北四路45号,南北,13045
65,正商花都港湾,管城,管城紫荆山路紫荆山南路388号,满五年,11516
66,龙湖上第,郑东,郑东新区九如路九如路,车位充足,35676
67,绿都丹石街区,新郑,"新郑龙湖沙窝李滨湖路,近祥云路",南北,6674
68,正商明钻沁园,中原,中原五龙口电厂东街,满五年,11120
69,果岭山水三期岛屿生活,惠济,"惠济思念果岭民主路,近西山路",近地铁,14630
70,杲村滨河家园(东院),金水,金水索凌路贾鲁河南路39号,车位充足,12138
71,正商玉兰谷达园,惠济,惠济邙山片绿源路6号,东,10456
72,东原阅城一期,高新,高新区科学大道秋棠路7号,满五年,11785
73,富田兴龙湾,新郑,"新郑龙湖阳光大道郑新路,近泰山路",近地铁,7073
74,利海绿洲花园,惠济,"惠济刘寨电厂路,近北三环",车位充足,10466
75,汇泉西悦城5号院,中原,中原陇海西路金兰路69号,南北,9008
76,金科城(二期南院),高新,"高新区科学大道月桂路,近玉兰街",满二年,18390
77,碧源月湖景园,惠济,"惠济开元路开元路,近假日西路",近地铁,13819
78,康桥金域上郡1号院,二七,二七大学路汝河路29号,南北,17840
79,保利永威西溪花园,高新,高新区科学大道白杨路12号,满五年,9698
80,电建泷悦华庭(1期),管城,"管城管城周边经南十五路,近第十七大街",近地铁,15312
81,中原名邸,中原,中原秦岭路秦岭路,南北,10042
82,华瑞紫金嘉苑,金水,"金水三全路丰庆路,近金冠路",价格优惠,14911
83,亚星盛世星苑,二七,二七长江路嵩山南路262号,房东急售,10601
84,荣盛祝福花语水岸,中原,"中原中原周边西四环,近药厂路",随时可看,10879
85,格林上东,郑东,郑东新区郑东新区周边通惠路26号,南,8672
86,汇泉西悦城2号院,中原,中原陇海西路金田路15号,满五年,10434
87,亚星盛世郦都,二七,二七嵩山路郑密路126号,南,10905
88,康桥知园,管城,管城城东路未来路,满二年,18789
89,国瑞城雅仕苑,新郑,"新郑龙湖沙窝李祥云路,近滨湖路",西南,6394
90,英地天骄华庭(一期),金水,金水花园路文博东路28号,满五年,23909
91,鑫苑鑫家(1期),二七,"二七大学南路大学南路,近南四环",南北,10192
92,康桥九溪郡(三期),新郑,新郑龙湖华南城双湖大道,满二年,8334
93,省旅游公司家属院88号,管城,管城城东路杨庄街38号,次新房,10163
94,爱德花园,二七,二七铭功路西陈庄前街94号,南北,10092
95,万林府2号院,金水,"金水福彩路杨金路,近东三环",满五年,14972
96,丰庆华府,金水,金水中医院丰庆路13号,南,13862
97,富田太阳城(二期),管城,管城富田太阳城明月路52号,唯一住房,9917
98,凤栖苑,中牟,"中牟中牟城区凤栖街,近郑汴物流通道",车位充足,13000
99,建业海马九如府,郑东,"郑东新区CBD九如路,近朝阳路",南北,41239
100,南熙福邸,郑东,郑东新区郑东新区周边大有路23号,满二年,9286
101,汉飞金沙国际,金水,金水沙口路沙口路1号,近地铁,10796
102,理想名城,上街,上街上街周边许昌路51号,南,3937
103,豫发大运城蓝山公馆,航空,航空港北港鄱阳湖路,满二年,9616
104,鑫苑鑫家(2期),二七,二七大学南路百禄街19号,南,10562
105,晶华城(3期),中原,中原五龙口冉屯北路13号,满二年,10940
106,升龙城11号院,二七,二七嵩山南路嵩山南路,近地铁,12377
107,万科大都会铂悦苑,二七,二七华中片梅峰路45号,南,10711
108,橡树玫瑰城(南区),管城,管城安徐庄中州大道1188号,满二年,9778
109,瀚宇新城,金水,金水索凌路龙门路,车位充足,10450
110,星城国际东苑,中牟,"中牟中牟城区商都大道,近星程大道",南,4957
111,升龙城8号院,二七,二七嵩山路航海中路106号,满二年,11847
112,正商林语溪岸5号院,惠济,惠济迎宾路香山路120号,东南,12162
113,法兰原著,新郑,"新郑龙湖华南城祥安路,近郑新路",满五年,8404
114,万科山河道,中原,"中原秦岭路华山路,近颍河西路",近地铁,19113
115,东郡香域巴黎,管城,管城富田太阳城航海东路20号,车位充足,10906
116,正商汇航铭筑,管城,管城管城周边航海东路,南,6385
117,汇泉西悦城5号院,中原,中原陇海西路金兰路69号,满二年,10053
118,凤凰城公寓(北院),金水,金水玉凤路凤台路,次新房,8994
119,正商幸福港湾A区,管城,管城管南片城东南路37号,多人关注,11550
120,绿城黄河锦园,金水,金水水上公园黄河路85号,南,10700
121,文雅新世界(三期),金水,金水中医院信阳路10号,满五年,10997
122,联合家园,管城,管城紫荆山路通站路126号,近地铁,9282
123,碧桂园天玺,经开,"经开区远大理想城经开第一大街,近经北三路",南,18051
124,正弘中央公园湖语苑,航空,"航空港北港太湖路,近凌霜街",满五年,8560
125,正商汇航铭筑,管城,管城管城周边航海东路,近地铁,7186
126,普罗旺世青年城,金水,金水国基路普庆路6号,南北,12499
127,鑫苑城六号院,管城,管城安徐庄赣江路,满五年,14180
128,和昌盛世城邦云园,航空,"航空港南港舜英路,近苑陵路",近地铁,8334
129,御景台(南区),二七,二七连云路丹枫路6号,南北,13136
130,经三路11号院,金水,金水经三路经三路北11号,满二年,9300
131,中建观湖国际(二期),经开,经开区滨河新区崇光路1号,近地铁,15872
132,正大美丽泉,中原,中原陇海西路陇海西路329号,次新房,10870
133,正商东方港湾,郑东,郑东新区新东站片康平路9号,南北,19429
134,升龙凤凰城(A区),金水,金水玉凤路郑汴路127号,有电梯,10545
135,恒通风景苑,郑东,"郑东新区商都路复兴路,近敬业路",近地铁,4567
136,奥兰和园,管城,管城城东路城东南路,南北,18122
137,清华园(郑州),惠济,惠济刘寨南阳路170号,满五年,9334
138,升龙凤凰城(B区),金水,金水玉凤路青年路145号,次新房,11154
139,和昌悦澜北苑,金水,金水花园路宏康路66号,多人关注,15734
140,林荫大道小区,金水,金水南阳路南阳路212号,南北,8765
141,九锦台B区,金水,金水国基路中方园路,满五年,11384
142,绿城花园,二七,二七嵩山路航海中路201号,近地铁,7554
143,浩创梧桐郡(二期),新郑,新郑龙湖华南城祥云路,车位充足,10088
144,未来名家,管城,管城管南片未来路,南,9947
145,华瑞紫韵城丽园,中原,中原常西湖建设西路,满二年,9802
146,建业运河上院,惠济,惠济大河路清济街8号,近地铁,10639
147,君悦城,金水,金水红专路经一路北35号,次新房,14322
148,金成东苑,金水,金水红专路红专路128号,东,8509
149,橡树玫瑰城(南区),管城,管城安徐庄中州大道1188号,满二年,10455
150,莲花苑,高新,高新区科学大道莲花街176号,次新房,10722
151,升龙玺园,金水,金水玉凤路货栈街172号,南,12284
152,亚太花园,经开,经开区远大理想城朝凤路78-14号,满五年,13522
153,富田城九鼎公馆二号院,管城,"管城管城周边南三环,近郑尉路",近地铁,14607
154,永威五月花城,郑东,"郑东新区龙子湖姚桥路,近明理路",南北,25276
155,南熙福邸,郑东,郑东新区郑东新区周边大有路23号,满五年,12941
156,汉飞金沙国际,金水,金水沙口路沙口路1号,近地铁,14300
157,正商明钻二期,中原,中原五龙口电厂路19号,南北,10544
158,朗悦公园道1号玺园,高新,高新区科学大道枫杨街,满二年,17952
159,长江一号(二期),二七,二七京广路京广快速路,南北,14504
160,长江一号(二期),二七,二七京广路京广快速路,满五年,13303
161,金色港湾,管城,管城管南片港湾路1号,近地铁,11561
162,锦绣山河倚澜苑,二七,二七嵩山路天泰路,南北,11239
163,碧桂园西湖五号院,高新,高新区瑞达路木香街,满五年,14359
164,西现代城,高新,高新区科学大道枫杨街15号,近地铁,9021
165,郑州中学家属院,高新,高新区瑞达路樱花街,南北,13834
166,迎宾路3号,惠济,惠济大河路迎宾路3号,满五年,15616
167,华润凯旋门,经开,经开区远大理想城经北六路,近地铁,19200
168,天誉华庭,中原,中原五龙口冉屯东路,西南,18221
169,融创金林金水府,金水,金水未来路福元路389,满五年,19342
170,清华大溪地1号院,荥阳,"荥阳荥阳城区泽众路,近商隐路",南,13139
171,康桥美棠,二七,二七连云路南屏路,有电梯,14208
172,融创城开珑府2号院,惠济,"惠济北大学城金河路,近滨河路",近地铁,13814
173,正弘青云筑,高新,高新区瑞达路科学大道67号,车位充足,16536
174,正商百合里,中原,中原五龙口濮河路7号,南,10694
175,铁路北福华街小区,二七,二七庆丰街保全街31号,满五年,10609
176,兴隆臻园,惠济,惠济刘寨粮仓南路22号,近地铁,12984
177,保利永威西溪花园,高新,高新区科学大道白杨路12号,绿化率高,10170
178,融创美盛象湖壹号(1期),郑东,"郑东新区郑东新区周边凤栖街,近润泽路",南北,12555
179,海轮城市风铃,管城,管城管南片未来路869号,近地铁,9854
180,帝湖花园东王府,中原,中原帝湖桐柏南路98号,南北,9891
181,万科天伦紫台紫澜苑,惠济,"惠济北大学城大河路,近文化北路",近地铁,16343
182,美景鸿城(二期鸿图),管城,管城管南片腾飞路2号,多人关注,14085
183,绿都澜湾樾园,管城,"管城管南片花溪东路,近霞飞路",南北,14699
184,帝湖花园东王府,中原,中原帝湖桐柏南路98号,满二年,8277
185,锦绣中原,中原,中原中原西路中原中路78号,车位充足,9590
186,美盛教育港湾(一期),金水,金水丰庆路国基路83附16号,南北,18548
187,朗悦公园道1号玺园,高新,高新区科学大道枫杨街,满五年,17822
188,瀚海海尚,金水,金水东风路东风路142号,近地铁,9000
189,正商中州城百合园,管城,管城安徐庄青山路,南,11364
190,中原名邸,中原,中原秦岭路秦岭路,满二年,10216
191,正弘青云筑,高新,高新区瑞达路科学大道67号,近地铁,18529
192,碧源月湖景园,惠济,"惠济开元路开元路,近假日西路",次新房,14160
193,华储佳苑,管城,管城世纪欢乐园德凤街20号,南北,13402
194,丰庆华府,金水,金水中医院丰庆路13号,满五年,14357
195,裕园小区,惠济,惠济开元路天河路32号,近地铁,10113
196,绿都澜湾枫园,管城,管城管南片紫荆山南路,东,15139
197,老街绿地郑东新苑一期,郑东,郑东新区绿地老街天赋路12-20号,满五年,20125
198,金印阳光城,金水,"金水国基路宏明路,近柳西路",近地铁,13000
199,永威五月花城,郑东,"郑东新区龙子湖姚桥路,近明理路",车位充足,22945
200,开元新城,中原,中原五龙口桐柏北路101号,东,9017
201,正商世纪港湾,金水,金水丰庆路丰庆路65号,满二年,9790
202,建业运河上院,惠济,惠济大河路清济街8号,近地铁,10426
203,正商智慧城博园,新郑,新郑龙湖沙窝李正商大道,车位充足,13736
204,永恒尚东,管城,管城管南片南三环东路272号,南北,8702
205,汇泉景悦城3号院,中原,"中原秦岭路西三环,近陇海快速路",满二年,11121
206,富田城九鼎公馆二号院,管城,"管城管城周边南三环,近郑尉路",近地铁,14579
207,华林都市家园,金水,金水南阳路南阳路242号,次新房,10787
208,雅居乐国际花园(西苑),郑东,郑东新区郑东新区周边象湖南路71号,南北,14667
209,金林社区大观国际居住区南区,金水,金水玉凤路玉凤路362号,满二年,14930
210,碧桂园天琴湾,郑东,郑东新区龙子湖明理路,近地铁,25085
211,正弘中央公园愉心苑,航空,航空港北港雍州路,车位充足,8635
212,永威森林花语,郑东,郑东新区郑东新区周边和风街86号,南,13793
213,正商佳仕阁,管城,管城二里岗城东南路,满五年,7610
214,格林度假山庄(南区),经开,经开区第八大街经南二路29号,次新房,10597
215,建业贰号城邦,金水,金水水上公园农业路22号,南北,22223
216,正商东方港湾,郑东,郑东新区新东站片康平路9号,满五年,19751
217,康桥金域上郡1号院,二七,二七大学路汝河路29号,近地铁,18800
218,雅居乐国际花园(西苑),郑东,郑东新区郑东新区周边象湖南路71号,南北,14445
219,朝阳御景,管城,管城商代遗址货站北街58号,唯一住房,11529
220,融创御湖宸院(1期),中原,中原帝湖桐柏路,车位充足,20130
221,谦祥万和城A区,高新,"高新区科学大道长椿路,近蔷薇街",南,12688
222,豫发大运城蓝山公馆,航空,航空港北港鄱阳湖路,满五年,8910
223,锦绣山河倚澜苑,二七,二七嵩山路天泰路,南北,11143
224,阅山公馆,经开,经开区第三大街经开第四大街,满五年,13800
225,盛煌怡馨苑,金水,金水水上公园天明路69号,近地铁,10280
226,白庙劳教所家属院,金水,金水科技市场文化路62号,车位充足,27196
227,雅居乐春森湖畔(东区),郑东,郑东新区郑东新区周边屏华路,南,8005
228,和昌盛世城邦瑾园,航空,"航空港南港舜英路,近雍州路",满五年,6466
229,美景天城,管城,管城富田太阳城石化路69号,南,10169
230,正弘府,惠济,惠济英才街豫泰路29号,满五年,17238
231,星联湾,郑东,郑东新区郑东新区周边象辰路88号,南,11001
232,郑州中学家属院,高新,高新区瑞达路樱花街,唯一住房,10715
233,紫金悦城,管城,管城二里岗紫辰路,近地铁,5556
234,海马公园(A区),郑东,郑东新区新东站片普惠路,次新房,22128
235,德丰麦卡伦,新郑,新郑龙湖阳光大道阳光大道,南北,5711
236,秦江花园小区,中原,中原棉纺路秦岭路,满二年,10104
237,康桥原溪里2号院,新郑,新郑龙湖华南城祥安路,近地铁,7605
238,四月天小区,金水,金水国基路国基路102号,车位充足,12884
239,正商智慧城博园,新郑,新郑龙湖沙窝李正商大道,南,8605
240,宏江瀚苑,中原,中原棉纺路百花路229号,南,18212
241,普罗旺世新公园,金水,金水丰庆路国基路,满二年,22782
242,亚太明珠,经开,经开区远大理想城朝凤路78号,近地铁,11889
243,海通园,金水,金水文化路丰庆路22号,南,9751
244,中央花园(中牟),郑东,郑东新区郑东新区周边永顺路50号,热门小区,7845
245,华林都市家园,金水,金水南阳路南阳路242号,近地铁,10247
246,老街绿地郑东新苑一期,郑东,郑东新区绿地老街天赋路12-20号,随时可看,23004
247,紫光花园,管城,管城二里岗陇海南里15号,东,11058
248,正商智慧城雅园,新郑,新郑龙湖沙窝李滨湖路,满五年,8165
249,万达广场小区,中原,中原秦岭路华山路72号,近地铁,13563
250,升龙又一城(2期),高新,高新区科学大道科学大道89号,南,10575
251,思念果岭悦庄,惠济,惠济思念果岭湖南东路,满五年,10216
252,丽景花苑,荥阳,"荥阳荥阳城区大海寺路,近成皋路",近地铁,4807
253,河南省化学研究所家属院,金水,金水花园路红专路52号,南,9673
254,鑫苑城一号院,管城,管城管南片长江东路,满二年,14667
255,翰林国际城孟园,高新,高新区莲花街金梭路220号,绿化率高,14381
256,锦绣山河玉畅园,二七,二七嵩山南路庆泰路56号,西,12040
257,大公府,郑东,"郑东新区天赋路龙湖中环南路,近龙腾一街",满五年,31848
258,天伦琥珀名城,金水,金水花园路天伦路9号,近地铁,12535
259,正弘澜庭叙A区,惠济,惠济英才街豫泰路9号,多人关注,17525
260,万科民安云城,惠济,"惠济大河路金河路,近东胜路",南北,25485
261,格林度假山庄(南区),经开,经开区第八大街经南二路29号,满五年,9808
262,建业壹号城邦,惠济,惠济刘寨南阳路,近地铁,14167
263,大正水晶森林1期,中原,中原中原周边须水河东路31号,车位充足,12902
264,盛润锦绣城,中原,中原碧沙岗棉纺西路18号,南北,18999
265,富田九鼎世家,经开,经开区第三大街经开第五大街88号,满二年,18637
266,美景麟起城一号院,惠济,惠济北大学城贾鲁河北路12号,近地铁,14286
267,华晨小区,金水,金水绿荫广场博颂路35号,南,7627
268,绿云小区阳春里,二七,二七淮南街淮南街16号,满五年,10000
269,广电天韵,郑东,郑东新区龙子湖晨晖路1号,次新房,25000
270,郑地美景东望1期,郑东,郑东新区郑东新区周边明阳街39号,南北,11003
271,金科城(二期南院),高新,"高新区科学大道月桂路,近玉兰街",满五年,19445
272,绿都紫荆华庭脉动,管城,"管城管城周边南三环,近紫荆山南路",近地铁,7813
273,清华大溪地9号院,荥阳,荥阳荥阳城区商隐路71号,东南,7929
274,鑫苑国际城市花园,二七,二七棉纺东路棉纺东路21号,满二年,17570
275,泰宏建业国际城16号院,二七,二七大学路金沙江路222号,近地铁,11777
276,保利海上五月花茉莉园,惠济,惠济北大学城桂香路17号,车位充足,18371
277,开元丽城,二七,二七京广路京广南路68号,南,9609
278,东亚京尊(东苑),管城,"管城安徐庄通站路,近紫东路",满二年,6286
279,永恒尚东,管城,管城管南片南三环东路272号,南北,9491
280,亚星双河居,二七,二七嵩山南路环翠路138号,满二年,10897
281,富田太阳城(一期),管城,管城富田太阳城映月路51号,南北,15684
282,万科美景魅力之城幽兰园,航空,航空港北港长安路115号,满五年,9225
283,碧桂园天悦,经开,经开区远大理想城经开第一大街,近地铁,16918
284,锦艺四季城香颂苑,惠济,惠济开元路英才街266号,南,13136
285,建业新天地桂园,金水,金水中州大道建业路90号,满二年,13772
286,富田兴龙湾,新郑,"新郑龙湖阳光大道郑新路,近泰山路",近地铁,9295
287,河南农业大学家属院,金水,金水文博广场文化路52号,次新房,19551
288,碧桂园双湖城,新郑,新郑龙湖双湖大道双湖大道,南北,6786
289,加州第一城,经开,经开区第八大街经开第五大街45号,满二年,8167
290,美景麟起城一号院,惠济,惠济北大学城贾鲁河北路12号,近地铁,14737
291,裕鸿花园,管城,管城东大街紫荆山路72号,次新房,10655
292,锦绣山河玉瑞园,二七,二七嵩山路庆喜路24号,南北,11520
293,绿都澜湾榕园,管城,管城管南片青翠南路42号,满五年,14686
294,绿都澜湾桂园,管城,管城管城周边青翠南路39号,南北,14613
295,嘉韵公园里,上街,上街济源路淮阳路26号,满二年,5604
296,富华花苑,二七,二七万达广场大学南路166号,近地铁,10633
297,豫新公寓,金水,金水政七街农业路东12号,次新房,10000
298,中原新城观澜小区工人路187号院,中原,中原帝湖工人路187号,东南,15458
299,正商林语溪岸5号院,惠济,惠济迎宾路香山路120号,满五年,12659
0,开元丽城,二七,二七京广路京广南路68号,南北,9479
1,康桥溪山御府,二七,二七嵩山路嵩山南路138号,满五年,20529
2,东旭花园,经开,经开区第三大街经南一路56号,近地铁,10352
3,中原新城学府一号,中原,中原林山寨工人路23号,东,19092
4,正商林语溪岸3号院,惠济,惠济迎宾路香山路110号,近地铁,10599
5,升龙又一城(2期),高新,高新区科学大道科学大道89号,南,12904
6,金成国际广场,金水,金水经三路农科路38号,满五年,9323
7,绿城花园,二七,二七嵩山路航海中路201号,近地铁,9116
8,祝福红城(二期),高新,高新区科学大道碧桃路109号,西,9384
9,建业贰号城邦,金水,金水水上公园农业路22号,满二年,22536
10,东原阅城二期,中原,"中原五龙口秋棠路,近三全路",近地铁,11000
11,城开绿城绿园(二期),中原,"中原桐柏路五龙口南路,近桐柏北路",南北,10401
12,锦艺金水湾观澜苑,金水,金水文化路贾鲁河南路69号,满五年,16037
13,紫檀华都北院,金水,"金水绿荫广场天明路,近群办路",南北,19573
14,康桥铂舍,金水,金水南阳路南阳路,满五年,8917
15,绿都紫荆华庭脉动,管城,"管城管城周边南三环,近紫荆山南路",近地铁,5715
16,华瑞紫桂苑,金水,金水三全路三全路99号,车位充足,10422
17,正商智慧城雅园,新郑,新郑龙湖沙窝李滨湖路,北,15186
18,安泰金苑,金水,金水三全路三全路86号,满五年,10450
19,祝福红城(一期),高新,高新区科学大道碧桃路109号,近地铁,9913
20,海通居,金水,金水文化路经六路,南北,10347
21,锦绣山河玉畅园,二七,二七嵩山南路庆泰路56号,满五年,12540
22,郑西联盟新城(三四期),上街,"上街上街周边淮阳路,近锦江路",近地铁,8985
23,老街绿地郑东新苑二期,郑东,郑东新区绿地老街天赋路28号,南北,22563
24,正商明钻二期,中原,中原五龙口电厂路19号,满五年,10113
25,正商林语溪岸3号院,惠济,惠济迎宾路香山路110号,近地铁,10229
26,华林都市家园,金水,金水南阳路南阳路242号,车位充足,14966
27,华林都市家园,金水,金水南阳路南阳路242号,南北,11586
28,城开绿城绿园(二期),中原,"中原桐柏路五龙口南路,近桐柏北路",热门小区,10712
29,金水世纪城,中原,中原秦岭路金水西路126号,价格优惠,13429
30,正商智慧城颖园,新郑,新郑龙湖沙窝李正商大道,房东急售,8652
31,翠和园,管城,管城南关臧家门1号,南北,10069
32,文雅新世界(二期),金水,金水绿荫广场博颂路34号,有电梯,9830
33,橄榄城柏林阳光,二七,二七连云路连云路69号,次新房,11093
34,华润悦府,二七,二七铭功路铭功路11号,南,18884
35,康桥知园,管城,管城城东路未来路,满二年,19258
36,金水世纪城,中原,中原秦岭路金水西路126号,车位充足,13932
37,啟福花园(南区),中原,中原汝河路华山路82号,南,9542
38,阳光城丽景公馆(南苑),中原,"中原中原西路西三环,近中原西路",满二年,14865
39,思达大河春天B区,金水,金水索凌路索凌路8号,车位充足,10327
40,升龙凤凰城(D区),金水,"金水玉凤路玉凤路,近青年路",南北,10852
41,郑地新港华苑,管城,"管城紫荆山路航海东路,近众城街",满二年,16142
42,文化绿城,金水,金水中医院丰庆路4号,近地铁,10713
43,正商玉兰谷达园,惠济,惠济邙山片绿源路6号,次新房,10059
44,公交三公司家属院,二七,二七兴华南街淮南街,南北,11406
45,文博花园,金水,金水文博广场文博东路1号,近地铁,26370
46,龙湖锦艺城,新郑,新郑龙湖华南城双湖东道2号,次新房,8091
47,锦绣江南,二七,二七兴华南街兴华南街99号,南北,9928
48,上东城,郑东,郑东新区郑东新区周边象湖南路62号,满五年,10219
49,恒大城牡丹园,高新,"高新区科学大道牡丹路,近连霍高速",近地铁,19346
50,芙蓉花苑三期B区,二七,二七长江路建云街,次新房,9893
51,康桥知园,管城,管城城东路未来路,西南,17670
52,润丰锦尚,航空,"航空港北港鄱阳湖路,近长安路",满五年,7882
53,博瑞花园,金水,金水燕庄凤台路1号,近地铁,13504
54,正商世纪港湾,金水,金水丰庆路丰庆路65号,南北,9529
55,花园新村(金水),金水,金水花园路畜牧路,满二年,9200
56,汉飞城市公园(西区),金水,金水花园路郑花路90号,次新房,10753
57,恒大绿洲(三期),经开,经开区第三大街经开第七大街58号,南,16748
58,建业香雅园,中原,中原五龙口漳河路,满五年,14160
59,永威枫香庭西院,管城,管城安徐庄郑新路,近地铁,14795
60,正商智慧城雅园,新郑,新郑龙湖沙窝李滨湖路,南,9524
61,秦江花园小区,中原,中原棉纺路秦岭路,满二年,9832
62,瑞隆城,金水,金水大石桥沙口路165号,次新房,13767
63,法兰原著,新郑,"新郑龙湖华南城祥安路,近郑新路",南北,7967
64,东润城(二期璟园),郑东,郑东新区郑东新区周边原圃路29号,满五年,9479
65,锦艺金水湾观澜苑,金水,金水文化路贾鲁河南路69号,近地铁,15846
66,清华紫光园,金水,金水丰庆路国基路89号,南,8870
67,正基雅苑,中原,中原中原西路宋固街29号,满五年,8386
68,永丰乐城阳光里,新郑,新郑龙湖沙窝李祥云路,近地铁,6854
69,龙湖锦艺城,新郑,新郑龙湖华南城双湖东道2号,南,8334
70,紫域云庭,管城,管城南关紫荆山路76号,满五年,10994
71,丰庆佳苑,金水,金水丰庆路丰庆路36号,东北,14758
72,裕华满园,高新,高新区科学大道莲花街,满二年,11844
73,金科城(三期),中原,"中原五龙口月桂路,近科学大道",次新房,19556
74,永威南樾福苑,航空,"航空港北港相州街,近归航路",南北,8657
75,绿都紫荆华庭脉动,管城,"管城管城周边南三环,近紫荆山南路",满五年,6389
76,正商书香华府,郑东,郑东新区龙子湖行健街6号,车位充足,19916
77,经三路北段83号院,金水,金水鑫苑路经三路83号,多人关注,7630
78,金晨嘉园,金水,"金水陈寨文化路,近北环路",南北,13292
79,金科城(三期),中原,"中原五龙口月桂路,近科学大道",满五年,16563
80,思念果岭国际社区(别墅),惠济,惠济思念果岭黄河南岸86号,近地铁,31477
81,长城康桥华城,二七,二七大学路大学路80号,南,18800
82,电力小区工人南路330号院,中原,中原秦岭路工人南路330号,满二年,13117
83,永威书香庭,管城,管城管南片市场街89号,近地铁,13768
84,郑州绿地城一区,二七,二七嵩山路春分路11号,次新房,9021
85,同馨苑小区,经开,经开区第八大街经南二路56号,南,9219
86,金科城(一期北院),高新,高新区科学大道月桂路21号,满二年,19329
87,河南博物院家属院,金水,"金水文博广场文博西路,近俭学街",南北,30928
88,有色地质家园(B区),郑东,郑东新区商都路雁鸣路,满二年,8000
89,九锦台B区,金水,金水国基路中方园路,西北,11575
90,同馨苑小区,经开,经开区第八大街经南二路56号,满五年,9532
91,嵩山花园,中原,中原伊河路工人路25号,近地铁,19940
92,美好佳苑,二七,二七碧云路碧云路16号,南,10575
93,万科美景龙堂,管城,"管城管南片中州大道,近岔河路",满五年,16295
94,红星蚂蚁SOHO,郑东,郑东新区通泰路商都路1号,南北,5625
95,建行住宅楼,金水,金水文博广场农业路6号,满二年,26869
96,正商书香华府,郑东,郑东新区龙子湖行健街6号,近地铁,22263
97,绿都澜湾梓园,管城,管城管南片紫荆山南路,车位充足,13971
98,绿都澜湾樟园,管城,管城管城周边文曲路5号,南北,16319
99,美林河畔,管城,"管城管南片航海东路,近中州大道",有电梯,10577
100,海马公园(C区),郑东,郑东新区新东站片普惠路39号,次新房,25060
101,嘉辰丽景苑,金水,金水广电南路广电南路26号,南,18772
102,普罗旺世温莎城堡,金水,金水国基路国基路,满二年,16084
103,康桥金域上郡3号院,二七,二七大学路汝河路28号,近地铁,19971
104,罗马假日,金水,金水北环路花园路159号,南,10990
105,裕华美欣一期,惠济,惠济省体育中心长柳路6号,满二年,8106
106,万科溪望,中牟,中牟中牟城区商都路,近地铁,9575
107,格林上东,郑东,郑东新区郑东新区周边通惠路26号,次新房,8674
108,国控东宸,郑东,郑东新区黄河南路正光路,南,16945
109,翰林国际城桃李园,高新,高新区莲花街金梭路209号,满五年,11987
110,永威枫香庭西院,管城,管城安徐庄郑新路,近地铁,15232
111,威尼斯水城(三期西区),中原,中原五龙口桐柏北路100号,车位充足,14608
112,东润华景,郑东,郑东新区郑东新区周边商都大道,南,7641
113,溪景桂园,二七,二七京广路环翠路186号,满五年,8090
114,美景美境(一期),金水,金水国基路国基路,近地铁,19292
115,朗悦公园道1号玺园,高新,高新区科学大道枫杨街,南,19146
116,锦艺金水湾观澜苑,金水,金水文化路贾鲁河南路69号,满五年,14943
117,永丰乐城阳光里,新郑,新郑龙湖沙窝李祥云路,近地铁,7478
118,碧桂园天麓,金水,"金水国基路国基路,近花园路",绿化率高,18197
119,锦艺四季城香颂苑,惠济,惠济开元路英才街266号,南,13584
120,广汇PAMA,金水,金水燕庄金水路216号,热门小区,20427
121,郑州银行家属院,金水,金水经三路经三路北71号,南北通透,10177
122,裕华美晨,惠济,惠济省体育中心三全路210号,稀缺户型,10550
123,铁道陇海家园,二七,二七大学路陇海路,南北,10043
124,长城辉煌铭苑,中原,中原碧沙岗友爱路,满五年,9409
125,富田太阳城(二期),管城,管城富田太阳城明月路52号,近地铁,8833
126,融侨城,新郑,新郑龙湖阳光大道阳光大道40号,南,6206
127,英地天骄华庭(二期),金水,金水文博广场文博东路29号,满五年,24042
128,亚新美好城邦,金水,金水农业路农业路172号,近地铁,17556
129,正商玉兰谷达园,惠济,惠济邙山片绿源路6号,东北,15851
130,纬四路15号院,金水,金水花园路纬四路15号,满五年,12089
131,建业运河上院,惠济,惠济大河路清济街8号,南北,9870
132,怡丰森林湖(四期),惠济,惠济邙山片天河路,满五年,9569
133,家天下,金水,金水南阳路南阳路96号,近地铁,13888
134,正商寓见铭筑,二七,"二七碧云路连云路,近客枝路",南北,8000
135,和昌林与城,惠济,惠济北大学城承泽街6号,满五年,10000
136,正商园田花园,金水,金水丰庆路丰庆路63号,近地铁,9573
137,恒大绿洲(三期),经开,经开区第三大街经开第七大街58号,南北,16250
138,升龙天汇7号院,中原,中原嵩山北路农业西路001号,满二年,11339
139,龙泊桂园,新郑,"新郑龙湖阳光大道祥安路,近紫荆山南路",次新房,5877
140,瀚海晴宇,郑东,郑东新区金水东路王新街59号,南北,31200
141,外商公寓,金水,金水农业路农业路20号,满五年,10000
142,冠军花园,惠济,惠济省体育中心金杯路39号,近地铁,10579
143,汇鑫小区,二七,二七长江路长江中路106号,绿化率高,8371
144,伟业龙湖上城,金水,金水金水周边杨金路,南,14484
145,圣菲城(北区),金水,金水花园路渠东路,满二年,19905
146,康桥玥棠,二七,二七连云路南屏路,近地铁,13307
147,金沙湖高尔夫观邸(南区),经开,经开区远大理想城经南八路,次新房,14533
148,老街绿地郑东新苑二期,郑东,郑东新区绿地老街天赋路28号,南,26709
149,广电天韵,郑东,郑东新区龙子湖晨晖路1号,满二年,24795
150,中方园西区,金水,金水丰庆路北环路116号,南,10870
151,汉飞城市公园(西区),金水,金水花园路郑花路90号,满五年,8760
152,瀚宇新城,金水,金水索凌路龙门路,近地铁,10658
153,瀚宇天悦(1期),金水,金水文化路文化北路106号,南,18106
154,普罗旺世塞纳维斯,金水,"金水索凌路国基路,近索凌路",满五年,33596
155,龙湖锦艺城,新郑,新郑龙湖华南城双湖东道2号,车位充足,7911
156,天一建苑小区,郑东,郑东新区郑东新区周边象湖南路98号,南北,10000
157,光明索河湾一期,荥阳,荥阳荥阳城区兴华路88号,满五年,9099
158,普罗旺世青年城,金水,金水国基路普庆路6号,次新房,19595
159,帝湖花园东王府,中原,中原帝湖桐柏南路98号,南北,8973
160,翰林华府,新郑,新郑龙湖阳光大道鸿鹄路,满五年,6873
161,运河上郡(南区),郑东,郑东新区天赋路农业东路30号,近地铁,25180
162,安泰金苑,金水,金水三全路三全路86号,绿化率高,8445
163,天伦水晶城,金水,金水陈寨北三环路56号,南北,9892
164,汇泉西悦城2号院,中原,中原陇海西路金田路15号,满五年,9380
165,"恒大山水城一,四期",荥阳,荥阳洞林湖文泽路,近地铁,9441
166,正商明钻沁园,中原,中原五龙口电厂东街,次新房,11019
167,盛澳金尊府,管城,"管城管南片腾飞路,近尚庄路",南,16317
168,盛澳金尊府,管城,"管城管南片腾飞路,近尚庄路",满二年,16209
169,思念果岭悦庄(别墅),惠济,惠济思念果岭沿黄快速通道,次新房,10730
170,建业运河上院,惠济,惠济大河路清济街8号,南,9635
171,富田太阳城(二期),管城,管城富田太阳城明月路52号,满五年,9520
172,正商瑞钻,新郑,"新郑龙湖双湖大道文昌路,近双湖大道",近地铁,6832
173,康桥铂舍,金水,金水南阳路南阳路,南北,6685
174,健达世纪园,二七,二七京广路京广南路25号,满二年,10083
175,明鸿新城,金水,金水经三路经三路,近地铁,10180
176,金科城(一期北院),高新,高新区科学大道月桂路21号,南,20371
177,郑州绿都城(南区),中原,中原中原西路颍河西路,满五年,15647
178,工人南路338号院,中原,中原帝湖工人南路338号,近地铁,10667
179,文雅青年公寓,高新,高新区瑞达路瑞达路97号,次新房,11259
180,基正唐宁1號,新郑,新郑龙湖阳光大道新郑快速通道,南,5674
181,郑东新世界(二期),郑东,"郑东新区商都路青年路,近凤栖路",满五年,6634
182,郑西联盟新城(5期),上街,上街上街周边金屏路38号,南北,8204
183,正商新蓝钻A区,管城,管城航海东路航海东路70号,满五年,16340
184,天一建苑小区,郑东,郑东新区郑东新区周边象湖南路98号,南北,9937
185,苇岸人家,二七,二七二七周边贺江路152号,满二年,8864
186,锦绣家园(二七),二七,二七嵩山南路安泰路6号,次新房,8336
187,正商智慧城雅园,新郑,新郑龙湖沙窝李滨湖路,多人关注,7687
188,裕鸿世界港丽园,航空,航空港北港郑港六路,南北,8497
189,送变电社区,中原,中原桐柏路西站北街,满五年,10318
190,正基雅苑,中原,中原中原西路宋固街29号,近地铁,7237
191,东润泰和,金水,"金水中医院文劳路,近信息学院路",多人关注,26868
192,永丰乐城公园里,新郑,新郑龙湖沙窝李紫荆山南路,南,7641
193,和昌林与城,惠济,惠济北大学城承泽街6号,有电梯,9568
194,永威观澜庭,管城,管城管南片宇通路,南北,15073
195,和昌盛世城邦瑞园,航空,航空港南港乔松街112号,满五年,10000
196,亚新美好艺境,中牟,中牟中牟城区郑汴物流通道,近地铁,11756
197,啟福尚都C区,中原,"中原中原西路中原西路,近河清路",绿化率高,14087
198,正商百合里,中原,中原五龙口濮河路7号,南,10452
199,未来华庭,郑东,郑东新区新东站片文苑南路,满五年,19079
200,永丰乐城阳光里,新郑,新郑龙湖沙窝李祥云路,南北,7449
201,正商明钻一期,中原,中原五龙口电厂路19号,满二年,11012
202,通和明镜台,中原,"中原五龙口电厂路,近曙光路",次新房,8603
203,中凯华府,郑东,郑东新区通泰路金水东路9号,南北,20695
204,绿都紫荆华庭润园,管城,管城安徐庄青翠路,有电梯,13494
205,金秋乐园,新郑,"新郑龙湖双湖大道双湖大道,近泰山路",近地铁,5919
206,康桥原溪里2号院,新郑,新郑龙湖华南城祥安路,南北,6370
207,维也纳湖畔,新郑,新郑龙湖阳光大道龙泊南路,满五年,10928
208,雅居乐国际花园(西苑),郑东,郑东新区郑东新区周边象湖南路71号,近地铁,19128
209,正商智慧城博园,新郑,新郑龙湖沙窝李正商大道,南,9831
210,中建滨水苑,航空,"航空港北港滨河西路,近归航路",满二年,8192
211,锦绣山河玉瑞园,二七,二七嵩山路庆喜路24号,近地铁,11285
212,未来华庭,郑东,郑东新区新东站片文苑南路,次新房,20647
213,果岭山水三期岛屿生活,惠济,"惠济思念果岭民主路,近西山路",南,10012
214,爱德花园,二七,二七铭功路西陈庄前街94号,满五年,9483
215,枫林花苑,金水,金水东风路东风路198号,近地铁,8710
216,鑫苑现代城,二七,二七京广路庆丰街17号,南,18671
217,和昌林与城,惠济,惠济北大学城承泽街6号,唯一住房,9776
218,正弘中央公园愉心苑,航空,航空港北港雍州路,次新房,7836
219,和昌盛世城邦馨园,航空,"航空港南港舜英路,近雍州路",南北,10385
220,宏达花苑,金水,金水国基路园田路51号,满二年,9405
221,瑞穗苑,金水,金水三全路宏泰路56号,次新房,8553
222,广电天韵,郑东,郑东新区龙子湖晨晖路1号,南北,27308
223,"恒大山水城一,四期",荥阳,荥阳洞林湖文泽路,满二年,7396
224,裕华满园,高新,高新区科学大道莲花街,车位充足,10000
225,秀水苑,郑东,郑东新区郑东新区周边鸿苑路45号,南北,14616
226,正弘中央公园棠语苑,航空,航空港北港云航路10号,满二年,7304
227,财信圣堤亚纳,郑东,郑东新区黄河东路商都路21号,南北,18573
228,和昌盛世城邦润园,航空,航空港南港乔松街106号,满二年,8400
229,五行嘉园,郑东,郑东新区CBD商务西七街,车位充足,17143
230,建业森林半岛(上街),上街,"上街上街周边许昌路,近金华路",南,8750
231,风和日丽家园,中原,中原五龙口煤仓北路16号,满五年,9890
232,果岭山水三期岛屿生活,惠济,"惠济思念果岭民主路,近西山路",近地铁,10405
233,九龙城天悦龙庭,中原,中原五龙口冉屯路58号,南北,9790
234,东润城(一期臻园),郑东,郑东新区郑东新区周边原圃路39号,满五年,9848
235,富田兴和湾,新郑,"新郑龙湖沙窝李紫荆山南路,近郑州绕城高速",南北,7901
236,宽豪斯,郑东,郑东新区郑东新区周边青年路,满五年,7254
237,佳兆业悦峰(北区),新郑,新郑新郑城区文化路,近地铁,9128
238,郑州轻工业学院家属院,金水,"金水东风路东风路,近信息学院路",车位充足,9444
239,永丰乐城阳光里,新郑,新郑龙湖沙窝李祥云路,南,7732
0,第一大街舒水湾,郑东,郑东新区CBD天赋路17号,南,23077
1,康平苑,郑东,郑东新区新东站片康平路18号,满二年,25539
2,通和盛世,中原,中原五龙口电厂路35号,近地铁,8870
3,融创中原壹号院,郑东,"郑东新区北龙湖如意东路,近朝阳路",南北,68274
4,康桥九溪郡(三期),新郑,新郑龙湖华南城双湖大道,满五年,7728
5,永威翰林居,郑东,郑东新区天赋路九如东路6号,近地铁,25455
6,永威翰林居,郑东,郑东新区天赋路九如东路6号,车位充足,27183
7,联盟新城四期,郑东,郑东新区农业东路地润路16号,东南,26880
8,美景鸿城(三期鸿福),管城,管城航海东路腾飞路4号,满五年,12063
9,蓝城守诚苑,中牟,"中牟白沙镇郑汴物流通道,近凤栖街",南北,16500
10,永威南樾福苑,航空,"航空港北港相州街,近归航路",有电梯,7878
11,和昌盛世城邦润园,航空,航空港南港乔松街106号,近地铁,6202
12,绿都九州雅叙,中牟,"中牟白沙镇九州路,近广惠街",车位充足,13024
13,格林上东,郑东,郑东新区郑东新区周边通惠路26号,南,9240
14,正商东方港湾,郑东,郑东新区新东站片康平路9号,满五年,20098
15,郑东新世界(二期),郑东,"郑东新区商都路青年路,近凤栖路",南,7158
16,顺驰第一大街浅水湾,郑东,郑东新区农业东路九如路9号,满五年,28755
17,联盟新城一期,郑东,郑东新区农业东路农业东路88号,近地铁,25950
18,怡丰森林湖(一期),惠济,"惠济北大学城天河路,近黄古线",南,10419
19,正弘蓝堡湾世熙(南区),金水,金水文博广场科源路,满五年,24560
20,亚新美好艺境,中牟,中牟中牟城区郑汴物流通道,近地铁,9681
21,威尼斯水城(二期),中原,中原五龙口桐柏北路100号,南,8842
22,正基雅苑,中原,中原中原西路宋固街29号,满五年,8080
23,帝湖花园东王府,中原,中原帝湖桐柏南路98号,近地铁,8601
24,金晨嘉园,金水,"金水陈寨文化路,近北环路",绿化率高,15556
25,鑫苑中央花园(西区),郑东,郑东新区金水东路金水东路3号,北,22090
26,正商书香华府,郑东,郑东新区龙子湖行健街6号,满五年,21377
27,运河上城,中原,中原中原周边须水河东路,近地铁,8823
28,和昌林与城,惠济,惠济北大学城承泽街6号,南北,9439
29,聚龙城,郑东,郑东新区金水东路祥盛街10号,满二年,21341
30,老街绿地郑东新苑一期,郑东,郑东新区绿地老街天赋路12-20号,车位充足,23339
31,利海绿洲花园(三期),惠济,惠济刘寨电厂路,南,9888
32,水榭华城,新郑,新郑龙湖华南城双湖大道东段77号,满五年,5559
33,兰寨新城,高新,高新区科学大道药厂路105号,近地铁,5618
34,龙湖天宸原著,新郑,"新郑龙湖双湖大道郑新快速路,近祥和路",南,8215
35,锦艺金水湾观臻苑,金水,金水索凌路文化北路,满二年,16786
36,上东城,郑东,郑东新区郑东新区周边象湖南路62号,南,9891
37,秦庄嘉园,高新,高新区科学大道冬青街,满二年,4720
38,文苑花园,郑东,郑东新区金水东路永继路36号,车位充足,20113
39,民安西上一号院,中原,中原帝湖航海西路25号,南,14930
40,海亮时代ONE,金水,金水花园路宏康路55号,唯一住房,6757
41,宏江瀚苑,中原,中原棉纺路百花路229号,车位充足,21090
42,汇泉西悦城7号院,中原,"中原陇海西路金田路,近增晖路",南北,10000
43,正商花都港湾,管城,管城紫荆山路紫荆山南路388号,满五年,10304
44,中亨文华苑,金水,金水花园路经七路15号,近地铁,13096
45,正弘中央公园美林苑,航空,航空港北港太湖路,南北,7641
46,郑东新世界(一期),郑东,郑东新区商都路青年路,满五年,7053
47,郑煤机社区(北区),中原,中原秦岭路岗坡路1号,南,9063
48,正商世纪港湾,金水,金水丰庆路丰庆路65号,满五年,9878
49,华林都市家园,金水,金水南阳路南阳路242号,近地铁,10000
50,鑫苑世家,金水,金水文博广场农科路9号,车位充足,22088
51,老街绿地郑东新苑三期,郑东,郑东新区绿地老街天赋路29号,南北,27579
52,中方园西区,金水,金水丰庆路北环路116号,近地铁,7525
53,郑州碧桂园芷兰湾,荥阳,荥阳洞林湖044乡道,次新房,7343
54,恒大绿洲(四期),经开,"经开区第八大街经开第七大街,近经南五路",南北,18440
55,锦艺金水湾观臻苑,金水,金水索凌路文化北路,满二年,14715
56,锦艺金水湾观臻苑,金水,金水索凌路文化北路,南,14883
57,和昌盛世城邦玥园,航空,航空港南港舜英路,满五年,5205
58,正商红河谷,新郑,新郑龙湖沙窝李107国道,近地铁,8171
59,永丰新都(三期),管城,管城安徐庄紫云路38号,车位充足,8515
60,万科美景魅力之城沐阳园,航空,航空港北港相州街76号,南北,7978
61,融创御湖宸院(1期),中原,中原帝湖桐柏路,满二年,20002
62,东瑞园社区,郑东,郑东新区康宁街农业东路109号,近地铁,18894
63,裕园小区,惠济,惠济开元路天河路32号,次新房,9288
64,金水公安分局家属院(文劳路),金水,金水中医院文劳路9号,南北,8589
65,康桥九溪郡(三期),新郑,新郑龙湖华南城双湖大道,满二年,7626
66,正弘中央公园林语苑,航空,航空港北港大航路46号,近地铁,7529
67,中国银行家属院(文化路),金水,金水文博广场文博西路,车位充足,22771
68,鑫苑现代城,二七,二七京广路庆丰街17号,南,19409
69,天地湾晴苑,惠济,惠济英才街英才街4号,唯一住房,17133
70,都市名座,金水,金水花园路农科路34号,近地铁,12928
71,中方园东区,金水,金水北环路北三环路62号,绿化率高,7709
72,黄鹤小区,金水,金水沙口路黄河路70号,南,7995
73,康桥铂舍,金水,金水南阳路南阳路,满五年,7566
74,正商汇航铭筑,管城,管城管城周边航海东路,南北,6574
75,盛世年华,郑东,郑东新区黄河南路黄河东路89号,满五年,20563
76,万华城华府,高新,高新区科学大道郁香路37号,南,15084
77,明鸿新城,金水,金水经三路经三路,满五年,9975
78,鑫苑城十号院,管城,"管城安徐庄赣江路,近紫荆山南路",南,15609
79,郑东新世界(三期),郑东,郑东新区郑东新区周边青年路,满二年,6667
80,盛和苑,高新,"高新区科学大道翠竹街,近长椿路",近地铁,6745
81,和昌盛世城邦润园,航空,航空港南港乔松街106号,南北,9546
82,建业运河上院,惠济,惠济大河路清济街8号,满五年,9824
83,城南春天,管城,管城管南片南三环240号,近地铁,9549
84,中岳大厦,二七,二七京广路京广南路10号,南,7102
85,东润华景,郑东,郑东新区郑东新区周边商都大道,满五年,7787
86,中原新城学府一号,中原,中原林山寨工人路23号,南,24778
87,华南城中园,新郑,新郑龙湖华南城创新路,满五年,7970
88,康桥原溪里2号院,新郑,新郑龙湖华南城祥安路,南北,7946
89,美景天城,管城,管城富田太阳城石化路69号,满五年,9839
90,永丰乐城幸福里,新郑,"新郑龙湖沙窝李祥云路,近滨湖路",近地铁,6978
91,建业尚悦居,惠济,惠济英才街乐天街3号,车位充足,15340
92,亚星上湖嘉园,上街,上街上街周边淮阳路48号,南,9514
93,正商智慧城博园,新郑,新郑龙湖沙窝李正商大道,满五年,14789
94,紫薇里,中原,中原五龙口电厂路,近地铁,6277
95,建业花园里海棠苑,惠济,惠济北大学城开元路,南北,15603
96,金科天籁城(东区),中牟,"中牟中牟城区郑开大道,近人文路",满五年,9364
97,汇泉西悦城1号院,中原,中原陇海西路金田路10号,近地铁,9553
98,正商红河谷,新郑,新郑龙湖沙窝李107国道,南,16326
99,裕华美欣一期,惠济,惠济省体育中心长柳路6号,满五年,9445
100,汇泉西悦城7号院,中原,"中原陇海西路金田路,近增晖路",近地铁,8978
101,建业如意家园,郑东,郑东新区东风东路祥盛街29-16号,次新房,23554
102,坤达祥龙城,新郑,新郑龙湖沙窝李祥云路89号,南北,6410
103,康桥铂舍,金水,金水南阳路南阳路,满二年,7296
104,鑫苑城三号院,管城,管城管南片长江东路,次新房,14380
105,升龙国际中心C区,二七,二七升龙国际政通路68号,多人关注,13077
106,陇海星级花园,二七,二七交通路陇海中路97号,南,15625
107,文博花园,金水,金水文博广场文博东路1号,满五年,25066
108,立体世界,郑东,郑东新区黄河南路黄河东路91号,近地铁,22045
109,金海西湖美景,高新,高新区科学大道化工路40号,南北,8719
110,正弘臻筑,郑东,"郑东新区北龙湖龙腾二街,近龙湖内环南路",满二年,43870
111,绿地璀璨天城,惠济,惠济江山路江山路30号,次新房,11724
112,财信圣堤亚纳,郑东,郑东新区黄河东路商都路21号,南北,19216
113,大里鑫桂源,高新,高新区科学大道枫杨街,满五年,4889
114,宽豪斯,郑东,郑东新区郑东新区周边青年路,近地铁,7144
115,中海湖滨世家一期,惠济,"惠济大河路文化北路,近大河路",南北,15055
116,盛澳金尊府,管城,"管城管南片腾飞路,近尚庄路",满二年,18576
117,绿都澜湾知了公寓,管城,管城管南片霞飞路,近地铁,6148
118,建业运河上院,惠济,惠济大河路清济街8号,车位充足,10000
119,森海正阳门,上街,上街上街周边金华路95号,南,5162
120,龙湖上公馆,新郑,"新郑龙湖沙窝李祥和路,近滨湖路",南北,5984
121,春江家园,二七,二七长江路赣江路98号,满二年,9761
122,永丰乐城幸福里,新郑,"新郑龙湖沙窝李祥云路,近滨湖路",南,7368
123,上东城,郑东,郑东新区郑东新区周边象湖南路62号,满二年,10000
124,陇海星级花园,二七,二七交通路陇海中路97号,南,16058
125,电力机械厂家属院,管城,管城南关货站街113号,满二年,9571
126,正弘中央公园花语苑,航空,"航空港北港郑港三路,近郑港四街",次新房,7821
127,香桔市,金水,金水中医院丰庆路2号,南,8927
128,电磁线厂家属院,管城,管城管南片城东南路157号,满五年,9037
129,基正唐宁1號,新郑,新郑龙湖阳光大道新郑快速通道,西南,5674
130,正商瑞钻,新郑,"新郑龙湖双湖大道文昌路,近双湖大道",满五年,7955
131,名门郡景,航空,航空港北港护航路82号,近地铁,5642
132,正商红河谷,新郑,新郑龙湖沙窝李107国道,南北,7100
133,民航家属院,金水,金水金水路金水路3号,满五年,10973
134,石佛祥园,高新,"高新区科学大道翠竹东街,近郁香路",近地铁,5731
135,汇泉西悦城7号院,中原,"中原陇海西路金田路,近增晖路",南,9589
136,万科民安江山府,金水,"金水博颂路国基路,近金杯路",满二年,22974
137,普罗旺世龙之梦东苑,郑东,"郑东新区北龙湖龙湖中环东路,近夏令街",近地铁,31256
138,绿都紫荆华庭脉动,管城,"管城管城周边南三环,近紫荆山南路",车位充足,6800
139,宽视界,新郑,新郑龙湖华南城双湖大道东路36号,南,7756
140,海珀兰轩,经开,经开区第三大街经开第一大街5号,满五年,17949
141,格林上东,郑东,郑东新区郑东新区周边通惠路26号,南北,9471
142,华健公寓,管城,管城商代遗址货站北街23号,满五年,10000
143,正商蓝钻小区,管城,管城航海东路港湾路2号,近地铁,14646
144,裕园小区,惠济,惠济开元路天河路32号,南,9693
145,正商创富欣城,二七,二七碧云路长江东路,满五年,7000
146,正弘蓝堡湾世熙(南区),金水,金水文博广场科源路,南北,23249
147,锦绣家苑(西苑),郑东,郑东新区郑东新区周边恒通路,满五年,5269
148,永威枫香庭西院,管城,管城安徐庄郑新路,近地铁,16667
149,水榭华城,新郑,新郑龙湖华南城双湖大道东段77号,车位充足,6197
150,21世纪社区楼中楼,金水,"金水21世纪社区中州大道,近国基路",南,13334
151,正商河峪洲二号院,惠济,惠济思念果岭文昌街23号,满二年,8090
152,交通银行家属院(金水),金水,金水文博广场农业路,近地铁,25284
153,正商明钻一期,中原,中原五龙口电厂路19号,车位充足,9406
154,绿城百合公寓(云霞苑),郑东,郑东新区绿城百合地润路1号,南北,25111
155,大公府,郑东,"郑东新区天赋路龙湖中环南路,近龙腾一街",满二年,22733
156,金牛美景园,二七,"二七连云路南屏路,近开发路",近地铁,9716
157,中原新城学府一号,中原,中原林山寨工人路23号,次新房,21846
158,龙湖锦艺城,新郑,新郑龙湖华南城双湖东道2号,南北,7599
159,富田太阳城(三期),管城,管城世纪欢乐园映月路,满五年,7773
160,正弘数码公寓,金水,金水文博广场文博西路25号,近地铁,17887
161,中央特区(东区),郑东,郑东新区新东站片农业东路112号,南北,28829
162,万科民安江山府,金水,"金水博颂路国基路,近金杯路",满五年,20255
163,万华城郁香苑,高新,高新区科学大道郁香路69号,多人关注,11681
164,荣立鸿鹄嘉苑,新郑,新郑龙湖阳光大道湖滨路,南北,5906
165,万科民安江山府,金水,"金水博颂路国基路,近金杯路",满二年,24294
166,正商汇航铭筑,管城,管城管城周边航海东路,车位充足,6221
167,中建雲栖苑,航空,航空港北港护航路,南北,7990
168,东润城(一期臻园),郑东,郑东新区郑东新区周边原圃路39号,满二年,9364
169,碧桂园双湖城,新郑,新郑龙湖双湖大道双湖大道,近地铁,9046
170,正商汇航铭筑,管城,管城管城周边航海东路,次新房,7186
171,宏光合园,经开,经开区第八大街第七大街99号,南北,8145
172,亚新茉莉公馆,郑东,"郑东新区北龙湖龙湖外环东路,近龙翔六街",满二年,37711
173,康桥九溪郡(二期),新郑,"新郑龙湖华南城双湖大道,近郑新快速路",次新房,6708
174,通和盛世,中原,中原五龙口电厂路35号,南北,9695
175,永丰乐城阳光里,新郑,新郑龙湖沙窝李祥云路,满二年,7320
176,丹桂苑,郑东,郑东新区新东站片康庄路,近地铁,7548
177,汇港新城,二七,二七铭功路解放路30号,次新房,9401
178,金海西湖美景,高新,高新区科学大道化工路40号,南,9439
179,和昌盛世城邦润园,航空,航空港南港乔松街106号,满五年,8298
0,富田兴和湾,新郑,"新郑龙湖沙窝李紫荆山南路,近郑州绕城高速",南,7132
1,风和日丽家园,中原,中原五龙口煤仓北路16号,满五年,10780
2,河南博物院家属院,金水,"金水文博广场文博西路,近俭学街",车位充足,32784
3,基正唐宁1號,新郑,新郑龙湖阳光大道新郑快速通道,南,6016
4,宋砦小区1号院,金水,金水中医院天明路,满五年,8390
5,圣菲城(北区),金水,金水花园路渠东路,近地铁,20530
6,广汇PAMA,金水,金水燕庄金水路216号,南北,20101
7,水榭华城,新郑,新郑龙湖华南城双湖大道东段77号,满五年,5178
8,白鹭源,航空,"航空港北港郑港四路,近郑港四街",近地铁,7248
9,郑州市地方志家属院,中原,中原中原西路颍河路178号-180号,南,9528
10,金林公馆(北区),金水,金水玉凤路燕庄一街62号,满五年,17035
11,东邢花园东院,二七,"二七嵩山路同兴街,近文艺路",南北,7396
12,建业城市花园,金水,金水燕庄建业路88号,满五年,16582
13,康桥上城品,中原,中原陇海西路陇海西路306号,近地铁,10922
14,远大理想城,经开,经开区远大理想城经北二路66号,南北,16936
15,天伦庄园,惠济,惠济北大学城开元路109号,满五年,18541
16,碧水名苑,中牟,中牟中牟城区人文路,近地铁,6071
17,富田兴和湾,新郑,"新郑龙湖沙窝李紫荆山南路,近郑州绕城高速",车位充足,7533
18,碧桂园天琴湾,郑东,郑东新区龙子湖明理路,南北,23180
19,正弘中央公园尚文苑,航空,"航空港北港太湖路,近相州街",满五年,8197
20,亚太花园,经开,经开区远大理想城朝凤路78-14号,近地铁,14760
21,天怡佳苑,郑东,郑东新区商都路复兴路188号,绿化率高,5538
22,国龙绿城怡园(2期),郑东,郑东新区永平路心怡路,南,21961
23,锦艺四季城香颂苑,惠济,惠济开元路英才街266号,满二年,21956
24,郑西联盟新城(三四期),上街,"上街上街周边淮阳路,近锦江路",绿化率高,7143
25,绿都云立方,二七,"二七万达广场大学南路,近双铁路",南,6250
26,富田兴龙湾,新郑,"新郑龙湖阳光大道郑新路,近泰山路",满五年,6339
27,第一大街逸水湾,郑东,郑东新区CBD天赋路,近地铁,26154
28,正弘中央公园麓林苑,航空,航空港北港大航路90号,绿化率高,7473
29,宏光揽境,郑东,"郑东新区绿城百合春雷路,近龙湖中环西路",南北,22633
30,康桥原溪里1号院,新郑,新郑龙湖华南城祥安路,满五年,7679
31,圣菲城(南区),金水,金水花园路鑫苑西路6号,近地铁,24346
32,碧桂园天琴湾,郑东,郑东新区龙子湖明理路,南北,22911
33,升龙城六号院,二七,"二七嵩山路政通路,近嵩山南路",满五年,10971
34,洞林文苑,荥阳,荥阳洞林湖洞林路,近地铁,6519
35,汇泉西悦城5号院,中原,中原陇海西路金兰路69号,南北,9149
36,百花路社区,中原,中原碧沙岗百花路46号,有电梯,12365
37,帝湖花园东王府,中原,中原帝湖桐柏南路98号,次新房,9286
38,普罗旺世龙之梦东苑,郑东,"郑东新区北龙湖龙湖中环东路,近夏令街",南北,28750
39,荣立鸿鹄嘉苑,新郑,新郑龙湖阳光大道湖滨路,满五年,6270
40,丰泽新苑(一期),新郑,"新郑龙湖双湖大道祥安路,近滨湖路",近地铁,5600
41,正商红河谷,新郑,新郑龙湖沙窝李107国道,南北,7331
42,宏光揽境,郑东,"郑东新区绿城百合春雷路,近龙湖中环西路",南北,23438
43,帝湖花园西王府,中原,中原帝湖桐柏南路77号,满五年,11158
44,居易世界观,荥阳,荥阳荥阳城区中原西路,近地铁,6043
45,工银小区,金水,金水东明路东明路北209号,南北,8518
46,圣菲城(南区),金水,金水花园路鑫苑西路6号,满五年,18596
47,颖河路135号院,中原,中原碧沙岗颖河路135号,车位充足,12167
48,五龙新城香堤园,中原,中原五龙口漳河路19号,南北,12747
49,鑫苑现代城,二七,二七京广路庆丰街17号,房东诚售,20195
50,帝湖花园西王府,中原,中原帝湖桐柏南路77号,满二年,9519
51,大公府,郑东,"郑东新区天赋路龙湖中环南路,近龙腾一街",次新房,20690
52,曼哈顿广场,金水,"金水曼哈顿金水路288号,金水路305号",南,12660
53,普罗旺世二期罗曼维森,金水,金水索凌路国基路168号,满二年,19353
54,金成时代广场,金水,金水黄河路姚砦路133号,车位充足,11911
55,和昌盛世城邦云园,航空,"航空港南港舜英路,近苑陵路",南北,7204
56,欧丽集团家属院,中原,中原桐柏南路沁河路,满二年,8304
57,绿洲银郡,金水,金水经三路经三路北56号,近地铁,11524
58,碧桂园西湖七号院,高新,高新区瑞达路木香街,车位充足,14643
59,广兴航海花城,二七,二七碧云路连云路15号,南,9445
